id,unknownEntities
2b671a33,泛亚贵金属;德通汇富
41d05705,创期国投
f3c6fa0d,天裕泓盛
ce7fcfdd,咸鱼妹
86b5dbb3,谋成;谋成创汇
c369fe6d,凯富创通
513f76f9,钱包侠
ce4ad627,远大期货
0788a6b5,小牛在线;拍拍贷;星星贷;星企贷
8ccc4e94,欧达币
9428a371,普信;普信金服;普信投;普信资产
1e1912e8,爱乐在线
7a518731,洋老板
fb025915,懒财网;懒财;懒财金服;懒财宝;宇驰瑞德;泉州天仁贸易借款;蓝巨投资;韬蕴资本;中弘瑞鑫;中安百联
8bab456a,aetos
e4517e57,币赢网;快链;快链星球;币赢;以太坊;乐云币赢;乐云币赢交易所
d02f0ad6,辣妈总管
12d828d0,亚信实
bf3117d5,华创电子;湖南乾润华创;乾润华创
2310a23c,日发国际;沪深
0eb60f0c,aet外汇
43f28599,大姐
22697c75,未来集市
7cfe291f,华赢宝
7be4a86a,币天下
0c170978,比特币;以太坊
6ac9e3a1,智慧晶
cdb94725,马上智能管家
a67aad36,海银金融;海银金控
4d0ca3eb,富民宝;联璧金融
3772ff72,豹付钱包;豹付
00b03f0b,expasset;expass;expas;expa;exp;expasse;ex;expasset金融公;expasset公
39b83e67,高鹏外汇
04e10511,金小鲸;国储华泰
c344ff44,嘉晟财富
e5d0b66b,维客特;维客特6维新零售;维客特6;维新零售
57f4b412,乾易通;狗狗币
48caae61,人人汇
fd6e1fcb,蜜蜂花园
de424ff6,文语影投
c2a80a49,期金管家
88ca49a7,夸克链信;仓舟;链信;链信糖块
ea2f12de,神谷策略;ssm
1756b62b,英皇集团中心;英皇集团;英皇集;英皇电影城
5ccc9fea,东兴金服;东兴金
778cf118,中金贷;钱爸爸钱爸爸;钱爸爸;金银猫;米咖理财
e61e91fa,丽达黄
6b6fe553,火币
94f133dc,万能
a3409e51,风雨无忧;趣花分期
32d09e3d,中瑞财讯
dd080a04,中盈律邦民间借贷;中盈律邦;中盈律邦民;中盈律;爱善贷
1af26211,矿视;以太坊
27f9b24b,济南得能生物科技有限公司
1e9397f4,河南南阳大宗商品平台;河南南阳大宗;河南南阳大宗商;河南南阳大宗商品
7160fd3d,易通创客
d8fca8ff,趣步;趣步趣步
0f345923,捷越联合
52bba297,河南南阳大宗商品;河南;河南南阳大宗;河南南阳大宗商
df866dd7,比财;亚财资;亚财
13bfa65c,森林宝;森林宝全;森林宝全返
bf893db8,新新贷;信贷;信贷工厂
714e6207,全网乐购;全网
e34bff22,荔枝口袋;永利宝;荔枝
9d0fec86,以太;瑞波
7caf5c20,靠谱鸟
f3abc73c,昆仑国际
abda5194,富时环球;富时环球外汇
21e2b1f9,手机宝
7442d689,南方星链购;星链购
981f6843,英皇宝微
3e216bfa,顺天影视
d9ee0391,萌萌牛;萌萌牛33农场;萌萌牛牧场
86d1b776,米菲云仓
a630e1f8,奇牛国际
477c6738,印象口袋;口袋
7cbe1507,youbank;yo
f34c7f11,帝国商城
1ce250d9,人人影
3224b088,逸富国际期货
6b9b74d7,钱程策略;钱程;钱程无忧;环球外汇
e437721c,工资管家
099bf70d,趣步
13442e3a,时空周转;好信分期
477ff92b,高朋金融;高朋金
577e310e,天鑫
de90ee21,万豪金业
35597c1a,大众分期
bde9b3b2,周转信箱
2ea8464d,vkmall
ef2969b7,稳贷网;车邦贷
647e170e,鼎诚创投
7cda79c2,采矿钱包
e3f59d59,比特狗;狗狗币
519b6cdf,奉恩之家
f581f5ec,加密货币;理财宝
104b81d5,火牛视频;小趣宝藏;阅非商城;阅币;闪电盒子闪电盒子;闪电盒子
ad58fe93,黑马外汇
d4d53308,干股帮
f4fe63b3,sakim
d0ef7c35,ipfs;ip;ipf
93c9aa62,新橙优品
036b7925,比特
33116a19,收获宝;汇付天
3727a2d5,天河城投;天河
3f55ccdf,中德海投;中德海投资
7519100b,蛋卷基;东方;东方红;东方红资产管;东方红资产;雪球财富
61f7804f,嘉实基金;嘉实国际;融联创
c38717b4,富格林;富格
df0ce8cb,金猪下崽
3ff02864,诺德基金;诺德基金管理
cf6f043d,和茶商城;泓睿云商
de115a47,嘉诺控股
c8524b86,玩客
3312f40a,小米
7eb969db,莱特国际;贵研铂业;莱特;洛克国际
e5931460,琼华;琼华网
8a87c684,任务超市
ac3e8e82,利辉乾财富;利辉乾金;利辉财富
9c8e24ba,微信跑分
9c0f90dc,鼎赢牛
1167023b,盐津铺子;盐津铺
e55a3377,宏图富邦;北京;云联惠
e5b4daae,车享魔方;车享豆
7b3ea6d4,capst
5a8717fa,上银基金管;上银基;上银基金管理有限公司
5e4a5750,速想购
e37f1845,天宸投资
05e319c5,友信智投;友信证券;友信金服
33fc1dd3,新橙优品;闪电借款
59b1261e,亿久商城
9db7c6eb,特惠赚
843a42fd,微信跑分
46da61ca,聚赢宝
eddd3264,臻牛所
dcdeff11,挂挂赚
d91b6c88,富利环球微交易;中汇国际;微交易
39509fa8,和茶商城;泓睿
b0fbaa9a,粉像生活;粉象生活;粉象;花生日记;高佣联盟
3b1621f1,管家帮;管家
771df2c4,致享融
b3140bd3,沃伦国际
f53c0984,番呗商城;借贷宝
6b589c27,乐享天下
e6546205,tic
d3dc9bd4,mmm金融;3m理财;mmm金融互助;mmm金融互助平台;3mmm;3mmm互助社区;mmm互助社;mmm;mmm金融互;mmm金融互助平
5f1e8830,展荣;展荣财富
0f74653b,零点矿工
3d576606,金融宝宝;佑米金融;金融宝宝号
b4e44be7,南阳嘟嘟生活;嘟嘟生活;嘟嘟推手
959d8c2a,比特狗
fd64d02c,淘金网;反波胆
3435c3ec,乾包
e2da80a4,睿新策略;金斧子
b1ab5d62,以太坊;艾尔;艾尔链
d1f150aa,瑞华
8da36f71,洛克币
504536a3,小兔救急;小兔
63d552d3,葡萄助手
ec435400,山东金交;鲁金宝
333e0bbe,国鑫汇国际;国鑫汇
31b93d99,翼支付;添益宝;添益;易财宝;甜橙理财
aa9120ac,诺德基金
8d57fef5,万多福;万多福投资有;万多
34098be2,蚂蚁矿池;master;百倍;阿拉
52eb2935,融贝网
cc7b2d12,火萤棋牌
2f9cdd70,盈策;金峯策略
17da7b21,霸屏天下;乐发;麦小贱
8f42551d,北京红杉壹本投资有限公司;北京;红杉壹本投资有限;红杉壹本投资有限公司
5ff629ff,创客;创客链
f15c02fc,蚂蚁矿场
525f84a9,亚投链
7c7dfdf7,币安;创世资本;以太坊
e29abcbc,超级钱包;瑞波币;以太坊
82a6bd3f,雷达币
44fb2d45,55
12b35df7,宗客网
ba1a6d95,素店;妮素集;妮素国际
e7c68390,先汇国际
b54b1ce1,tigerw
77d36358,亦跑无
6b49d500,环球;未来集市
3bfe803e,保诚国
5d87eed2,杜邦财富
e673accb,香港谷点国际期货
cc2541cf,火萤棋牌
012dc77c,创客亿家
f421bb08,简七理财
9406837a,金源财富;财富牛;海南大宗;辉煌
65a6ba55,团贷网;融牛在线;融牛之家;爱投资
e9e99a26,智慧晶
a2f7d184,世联资产
bdf7e377,速想购
67a2589a,东方资本;老虎汇
62c22fb8,华克金;盘界;盘界币
43a20e3b,天心禅
bf14b995,联贝德;联贝德钱包;魔贝钱包;魔贝币
c2d8f9ae,砚下金融
2dee844e,悟空钱包
0ea36eb3,砚下金融
daab5f81,凤凰金融
a1447c9e,淘优乐;淘优乐a
775fae52,启金智库;启金教;启金教育
654bcd9f,爱汇宝
44e9fa71,秒钱理财
e139a61c,章鱼哥
cf24095f,天裕泓盛
83aa4694,空气
d30c5a8d,浩然香格实业;华美在线;泽慕;恒尚在线;恒信易贷;百金贷;麦点商;京城辉煌贷款;鲸亿金服;北京泽泓文化发展;恒昌财富;鼎展
259aa252,惠己达人
884bfdc1,管家帮;管家;北京管家帮;管家帮管家帮
19cf628f,牛多宝
c3e37b71,中盈财富
f9a35f61,e抵快贷
2d56ae23,普银币;大唐币;暗黑币;artsarts
eff0f91a,季翁岭财富;翁岭财富
8414ddc7,东方银谷;银多利理财
deaca62f,天河城投;天河
cf5be35a,畅由联盟;畅由
34f5b50f,商机头条
df897435,淘乐惠
cfbfc564,兰洋投资
2eaa26c3,悟空钱包
296066ef,悦平台;悦花越;悦天使;月日悦天使
0f5035e6,乐享天;璞玉品金;玖富金控
7cc42907,微小宠
ce45cfc5,水象分期;卡卡贷;水象金融;天免息
396230d9,利魔方
2d640152,波场超级社;波场超级社区
a7283a40,快链星球
ccb8c5e2,微牛证券;辉立国际
9cf67834,普信;普信金服;普信资产
979b0e6b,付爱民期货
3e0c6ad3,海汇国际;海汇
a7848f0f,云尊链;云尊;雲尊;云尊链交易所;云尊交易所;云尊联;雲尊链
ba9a276e,金盒子;杭州
0c4f2db3,长征财富
f1729dc6,圆汇金融
72ed78a7,黄金树;爱彼家
d34e061b,众人帮
99efad05,比特币
967d3481,金殿环球金融投资集团
9a45e651,时视影业火;时视影业
a9b1eee4,销巴生
f5f4d00e,钱程策略;普臣资产;钱程无忧;环球外汇
5357579a,华登区块狗;华登区块;全民养鱼;华登
c797ef2b,蜗牛动力影视;北京;刺刀联盟;番茄
8d04eb44,中瑞财讯
0798ae3e,依易云合;云吃货商城5
96e2d022,天宸投资
a88e44a3,羊毛帝;羊毛;羊毛帝区;美链
4dd53346,大姐花;大姐花借款
2ab7a730,联讯证
805bb718,万变亿
5f883d67,璀璨控股;璀璨控股理
a4bfc787,蚂蚁森林;以太森林;以太;以太树;趣步;以太果
dd4a5692,双创在线
b5dfc938,标荣物联网科技有限公司;山东奥帆都
45816d1f,鑫汇国际
07664f6c,比特
6994a762,高盛国际;陕西鑫亿汇资
8364d708,太阳;太阳神
07c1cb59,和和基;和基外汇
54a33f36,清宴宝;小牛在线;昌汇宝
ab933c78,奥美外汇;奥美;奥美房;奥美集团
6e73e667,瑞波币
56d2f81b,诺德基金;图诺德基金;诺德;学堂在线;兆易创新科;兆易;诺德基金管理
7274d412,汇新智;汇新智配资
fc17c182,众人帮
9dc6cb91,鼎汇
5268fddd,yo
5158842f,马克币
162f6862,新诺影业
986734cd,全球看点;趣步;流量魔盒
19b73e01,金富国际
4eec1b40,清宴宝;清宴宝产
bdc09a03,高朋金融;高朋
bae01b6e,万权创服
01f181d4,鑫东投资;鑫东投
2963f8fc,吉林鼎邦集团
3aac1748,爱打卡
3968ff3e,明堂;明堂金融联盟
043d43b9,陀螺世界;陀螺
73c005d4,中佳易购
fb5c35c8,挂挂赚
47a5f795,工资管家;资管家
b86834ab,秦川策略;秦川
b05e4e21,甬e贷
1da5a610,大姐花;闪电分期;大姐
77cf5313,合伙猫
6d8217eb,becho;金帛投资
862bc18d,每日一淘
008bc18e,辰颐物语;颐和果园
e9cfaa75,卓德外汇
f8e31f23,汇泰在线
d04b6613,天源汇
b00d5b90,华融金融
c6ee3162,优可生活;三优可生
eca68ca3,粉涩商城;粉涩
c7c983f6,宝丰国际
dba8bdc8,智选天下
a408f408,以太坊
51d19f20,aet外汇
3451af29,远特喜牛;远特喜;远特
e6300ec0,美易理;美易;金美信费金融;国美金融;漫道;费金融;漫道金;宝付
827254fe,领峰环球
ded983cd,普银币;大唐币;暗黑币暗黑币;暗黑;暗黑币;artsarts
bd13c549,领投鸟;酬信财富
42ccd143,交易通
cbd501fb,邦富在线;邦富;邦富投资
3f23772e,付临门
67d2ab7d,金豆包
0b66fd2a,丰盛金融;汇友钱财;丰盛金
36e380f4,联贝德;ma
5b557546,台资味
620b08af,微多猫
e1e5e0b4,mcc
fc882521,太空链;熊猫币
17fc4b72,融牛在;宜人贷;融牛在线;融牛之家;你我贷
aedc2afd,零钱宝
58734c29,盈盈理财
55d5f89d,以太坊
502e4384,移远通信
b81d1149,维客特
bac932df,万政全民经纪;万政全民;万政集团;万政集;万政
ecbabce8,牛多宝
180d08b8,高佣联盟
65925d32,华开金控;华开
a73b13e9,鼎诚创投
fbaeec5a,超亿信托;诺亚财富
af86add3,雷昆投资
26f8308c,ma
34b7e999,德邦股份
5734c2f1,以太坊
5c227633,大圆银泰
4827d9ab,芒果口袋
a6c4cf4d,周转宝盒;闪电借款
0555d4d7,以太坊
149676c5,尚融网贷
0cb08d4d,公信宝
ed2d8b78,汇新;汇新智
7186bb8d,中金摩根;金摩根
2ded1a5d,bet3
06a645d5,积金通;积金
cec902cf,鲁多多;闪电借款
794cffea,泛亚
b85cd3cc,万豪金业;万豪金
410c11ad,随时约
52dc5041,京贷;京贷金服
33ac9671,保德薪;润通现货;汇心商城
467f8571,华登区块狗;华登狗;华登区块;华登;区块狗;华登狗挖
982496c6,比特
9e82691c,创世金库
482447b8,时视影业
37d57b47,bet
4e6fcfa8,火币网
d6938d51,嘉银金科;有道;有道智投
23f71a11,蜜芽宝贝的;蜜芽宝贝;蜜芽宝贝国际;蜜芽宝;蜜芽
257ce4e2,借亦有道
ff0cf14f,友信智投
d4b15fcd,小猫来财
e2470489,创客;创客链
ae1fc20d,以太坊
9530c7f8,安徽恒峰投资公司;恒峰投资有限公司;安徽恒峰投资有限公司;火石宝城;深圳佰仟金融;懒财金服;钱融融;狐小狸;西谷文交所;聚胜借
55562c75,奥美外汇;奥美
6bd8d6dc,乾联国际
2504b86c,曲全财富
887c84b5,钱嗨娱乐
79956f47,易启赚;红果子庄园;红果子;金科海;金科海集团;金科
94dc32f5,全民养鱼
64b896ca,米袋理财
eee032fa,鼎联创财富;金管家
d4a9471e,汇新智;汇新智配
74b00f1b,全网乐购;全网乐
bf557b10,大通;大通全球
ec1041b1,好期贷;玖富叮当贷玖富叮当贷;小鲨易贷
8b0cc15f,恒秀创投
4689747b,清果金融;清果普惠
d5601c53,鼎赢牛
783369b5,诺德基金;诺德基金管;诺德基金管理
95ba42e4,费金融
918f143b,长亚
1f04a064,蚂蚁乐购
4ab1a6ab,天宸投资
939f69d6,以太坊;以太
9840fa03,温州华行投资管理有限公司
2dda6329,神州专车
d1497ac7,蓝莓花花借款
19846fed,西城威尔士外汇
db2d2136,凯蓝仕
6e2fea34,焕呗易货;焕呗易
ec010896,卡盟金服;卡盟;拉卡盟金服;快卡盟金服
11255ead,先汇国际
7d9296e9,咸鱼妹
0b1ea1a4,好玩吧;好玩吧矿
6c5134fb,上有财金
bbbff574,辰颐物语
e1818c71,众人帮
4569ccd0,喜团;5米社区
b3da9a4f,海银金控
4b9474b1,卓恒影视
925d03e1,米奥
b5c3f973,全网乐购;全网乐购全网乐购;网乐购
bc75b558,弘高融资;弘高
b9aa5e9c,金管家;保尊宝
e5bd8b5a,趣步亦跑
6e0ed3dd,汇新智;汇新智配资
9ccd86b1,嘟嘟生活嘟嘟生活;嘟嘟生活;嘟嘟推手
47dbe30d,get
5426a3c8,和基外汇
963e968a,清果金融;清果普惠
a4ecd236,砚下金融;爱微融
0eb7f191,洋老板;黄金树
de753682,币盛汇;比特币
132042ff,微蜜国际
64345bc0,鑫果
8c60fbdb,先汇国际
65e5185e,费金融
4a069524,弘华佛学;弘华;弘华佛学院;弘华佛
103d3a24,中盈晟投资;中盈晟
9d507ec6,比特币;以太坊;zero
d781263f,向前金服;捷越联合
edb64743,小巨人;慧易通;嘉恒房产;琪雅美容
e27cfa0c,每日拼拼;每日优鲜;每日一淘;每日
8e43d7da,微贷网;集富小金库
5ea6de07,鑫优会;拼多多
1869647d,钱程策略;钱程无忧;钱程;钱程策
b218f078,猎金全民影视;全民影视
e68824ad,链信;夸克链信
a3653011,顺支富
b38a11ed,全民推
d4e02af2,加油宝
2c18091e,巨石财富;巨石
c003c3da,盐津铺子;盐津铺;霸屏天下;智慧易购
b9e153fe,鼎诚创投
49e62d8f,手机宝
e69414e6,艾尔链欢
c528b99a,爱善贷;中盈
cb0ad940,55
8c1959c8,速想购
62ed4e1f,德誉荣
ee05ea59,拍拍乐
5ec0d24c,水滴物语;小水
e32f93e7,华禹钧瓷;华禹
3078c9bd,abcc交易
7d1b8de6,55
1522a703,富格林投资
d1c061c8,云尊币;云尊币公链;云尊;云尊链;比特币
f16ead8d,佰益汇
ed651809,vv农场钱包
a4b69673,秒钱理财
d7669e12,中德海;中德海投资;德海投资;金多理财;冲捷在线
f097393f,荔枝山庄;荔枝山庄农场;波罗蜜
1bf92f31,托富链;爱润妍
8ea46ff7,皇玛金融
f7f3acd2,吉悠
43f11b8a,eos
c0b877a4,富喜智服
1363e0f4,多啦理财;多啦聚财
88d679ec,俞丰财富
efa3ecab,宝点网
f1de2889,盼哒科技;盼哒
6d59e7c8,富民宝
ce21a300,金鑫隆餐饮;锅巴土豆;土豆驾到
d1c3ffdb,亦跑
0d08db7a,宗客网
5743879d,百华
a74c5685,恋指团
3a080d6e,友信一生;友信一;友信
bf950df3,凯顿;凯顿公;凯顿投资;凯顿国际;凯顿数字;凯顿数字资产
d9db1a6b,友信;友信一生;友信一;信一生
fd09ed1d,臻牛所;臻牛所或
3bad958f,卓凡资讯
c617d98a,华开金控;华开金控投
b7bf4732,狗狗币;狗狗
e5803dc9,万政全民经纪;万政全民;万政集团;万政集;万政
b94de6b1,时视影业
a80bd85d,雷达币
27dc1c0b,狸狸;狸狸商;狸狸商城
c927123e,快盈财汇
a94c2e94,加密货币;以太坊
a120105b,榴莲微视
ae28bb79,保德薪;万众商城
39eb2bd6,创世银库;闪电借款;创世银库创世银库
5d583669,聚财帮;中商亚信;中商亚信投资
5e56671b,捷越联;向前金服
2b11a1c2,淘气
07a5a79c,蚂蚁巴士
7e2773e5,cfx圆汇外汇
3b1069e7,爱善贷
20a30f26,利辉乾财富;利辉乾金融;利辉财富
7d1813f5,钱程;钱程无忧
1b300826,小樱桃商城
f1313fcd,汇兴智业信息
089a75ca,资本
49020bb1,海中德海投;中德海投资;德海投资
7a649ecb,安联
6e564827,点点啦全返
1261fc20,砚下金融
22754c3e,萨飞资本;金吉利宝
2321935e,以太森林;以太森;以太树
92e3619a,多拉币;比特币
aba62582,比特币;人人树;人人树(
8f752c69,火萤棋牌
d2f15996,极客修;极客
fbcb7e02,蓝莓花花
4b60e535,贪今贝;千理财
508ba73f,大姐花;大姐
3a0b937d,艾德证券;环球国际
23c93291,造艺科技;造艺科
ed813e37,鼎赢牛
9e331285,存德投资
67f2d338,万汇金宝
835ed710,广州丰团投资;猴尾巴;广州德通五金制造有限;埃之索实;华润万家;安卡玛索
1f3f5ee1,多米金融
b5e5c920,试客小兵
45f93191,微云
1d8c8fa1,oumy
d29d250b,派派猪理财
b6306871,sky理财
92d786fd,堡垒投;堡垒投资;堡垒;堡垒投资集;堡垒投资集团;加密货币;以太坊;以太
4abebf49,福亚全球
801a759d,宗客网
55f8f9b4,以太坊
7c36f095,牛多宝
920bc055,hadax
dff50023,礼赞;礼赞商城;高迪柏
02eab119,大象国际
0dad3fc1,巨小西;小溪省钱
85ed4975,昆明栋平智能投资平台;昆明;昆明栋平
92739cdb,未来大财富
b52621d0,mcc
d8bef469,费金;湖南乾润华创;湖南;乾润华创
da6ad7ff,比特币;比特
ea6d4e48,蚂蚁巴士;闪电借款
086ee44e,艾特链;以太坊
34c15268,瑞志企业管理有限公司
450da015,牛拜单
f51a39d7,长润影视
991b83b0,香港富通保险;九鼎投
18b522d5,随时约
6b3cf0e2,朵拉;朵拉试衣间;朵拉购;朵拉微商;朵拉试
cb05c0a2,睿新策略;睿新在线
ea08dc10,太阳神
cddd2be0,借易通
8da291ec,拍拍贷
bc37e9ce,比原;比原链;以太坊
6630b90f,酷盈网;酷盈
3593c51e,环球金汇
5afb63ec,领秀国际
e5f5182b,融牛在线;融牛之;红岭创投
b4b75e56,恩圣威
c371e6be,黑牡丹;艾特网
5c4584e5,权策财经
8bccb7bc,币虎全球;币虎;币虎科
9cb424a2,生意宝;生意
86b645a0,毅联汇;艾尔链
0e8c0f14,和基外汇
3a6fffb8,奇牛国际
71a17543,邦富在线
7f5d33bf,宿爱;宿爱方;宿爱酒店
1ce418cf,网易云信;网易;网易云
f12cf11b,鼎盈信投
11f91805,ffx交
bd5207cc,人人;人人贷;合众e贷;微贷;微贷网;麻袋财富;中腾信;小花金服;费信贷
3429f3a7,米袋理财;米袋
795687b7,汇置财富;辽宁汇置投资
8019eb8e,福汇fxcm
33ff83c0,陀螺世界
c40f0b0e,富格林
04dafb94,科呗币;科呗链;科呗
68b8248c,微银金服;68来抢;人人贷;投哪网;投哪金融;微银金服微银金服
8f1140ac,融易资讯;乐洁时代
bd434eeb,腾邦现货
d0333a9d,沃尔克
f98491af,趣享付
9cea487f,蓝枫林
3178b5e7,俞丰财富
36711d3b,袋鼠妈妈;花果金融;橙旗贷
5774fee9,美宝眠;安惠
7c9a45da,亚信实
9c4dcc4a,天汇金融
da71513f,安亿金融
85eb0163,猎金全民影视;全民影视;猎金影视;猎金;猎金集团
4a561e86,波场超级社区;火币
c96a574a,商机头条
2189c4de,比特币
63ad0e5d,乾润华创;乾润华创新零售;乾润华创新;乾润华;乾润华创乾润华创;华创新零售;华创新零;乾润华创金融
92f04833,风雨无忧;闪电借款
b65b1d56,千牛头条
fa005713,微小宠;微小宠机器人
4f2e7177,印象口袋
3e8571dc,蚁群传播;蚁群传
b2d661e4,全民推平
3fcd9ef7,米袋理财;米袋
b785472a,小蚂蚁;链乎;链创财富;社链学堂;社链生态
3b883bcf,英皇金融国际
2819b8a6,提现普顿;普顿外汇;普顿;鉅富金融;海汇国际
6da26fae,花旗证券
e045ae50,文语影投;文语影投公
e0f85238,小鱼赚钱;小鱼
3bc9f94a,皇马;皇马酒庄
9f6e9c11,海汇国际;海汇;海汇保险;海汇国
54c753f3,上海川泽投资;川泽外
9a3dbadf,荔枝山庄
b41da30f,小牛在;小诺理财;玖富;鹏宇
3c7dadfe,艾拓思外汇
44f8b356,陆金所;广富宝;广富宝金;广富
1ad5acdf,爱汇客;爱汇客外汇
8b4e9dc9,玛伊微享淘;玛伊;玛伊国;玛伊国际;微享淘
ee62188f,票改数字商城;票改;票改数字
e237f76e,宜人贷;融牛在线;融牛之家
b0d2832b,爱乐在线
9330428a,上有财金
969a8cac,偃师嘟嘟生;偃师嘟嘟生活;嘟嘟生活;嘟嘟;嘟嘟推手
593ba302,海航创新;国泰君安;晋汇
c9106b4a,新橙分期;新橙优品;费分期
c1a5c528,轩鸿
b0580637,汉富资本;汉富;债盈宝
439c26bb,神店
30a48f15,辰麟宝;辰麟
022ac7fa,比特狗;比特币;以太;狗狗币
5a35f270,冠海海运
c6924574,小龟软件;小龟
91f6b628,快鹿;快鹿投资
eaa4695f,蒙顶山茶交所;茶交所
05a0bbce,天安金交;天安金交中心;天安金交中;厦金理财;鑫聚天利
23cf7a87,鑫中辉;大通国际
a219385d,巨潮金融;掌悦理财
6ee96bf0,肇之旅
410a59bb,米治外汇米治外汇;提现普顿;普顿外汇;普顿
708559c4,谋成创汇;谋成创汇谋成创汇
7bf781c3,aisa爱莎外汇
5b4fb22a,香港友邦;万诺投资;萬氏;万氏国际
4dab27de,渤海人寿;渤海人;嘉乐保;嘉乐;平安福星;嘉多
dc547a0d,费金融;掌众金服
37b3770c,全球看点;全球;易拉宝
29c7e2da,川商;川商联宗商品交易中
6e7186e9,任乐花;任乐花贷;任乐花借款
6c7c35d2,大同行理财;大同行
a7b8c701,玖富;融牛在线;融牛之家;铜板街
40b62714,红杉资
7f7afd71,贝莱德德;环球金股汇
1b95ec9d,朵朵街;朵朵街新
708c0830,bet3
8ca2edb6,小猫来财;绿皮管家
eb2d0e0a,善商贷;爱善贷
31baa38a,易生金服;凯撒
0c3a0851,惠头条;互帮互
4f9adceb,每日一淘;拼团;每日优鲜
b4d33293,全球看点;全球看
0d56b7a7,小花年代;小花年
cf3c118c,比财
41a6ecf4,环球金汇
534d2fc7,趣渔乐;趣步
474d565a,西部助;西部助贷网;西部助贷
86699d1b,瑞志企业管理;瑞志;瑞志企业
c4a88f3b,小龟;小龟软件
a187946e,未来集市;天互;天互军团
9ec89ae3,55
7f17c040,国远资产管理集团有限公司
efffe0f8,逸富国际;天富宝
abd9cf87,乐普农场
cc1f41d7,秦川策略;秦川策
83a55f76,顺支富;福满人家
2f684cf4,vcoin
6adb3495,简七理财
b8e4f9a1,合众e贷
50db2c9d,比特狗;比特狗宠
7451ff20,中德海投资
e844adae,创赢财富;创赢财富创赢财富;环迅支付
5f66d4be,蜀桑;福全;蜀桑源农业;中奇科技;潘多拉;牛牛通宝;爱拼;吉祥兔;康尔;如歌财富;君融贷;通兑币;蒜庄园;世联;绿洲源;狂人部落;怡悠清泉;优维国际;爱购;玖富集团
652dc1d4,简七理财;简七
973c8a5e,时视影业
550a2026,积木盒子;巴巴汇;人人贷;宜人贷
50106b04,承兴国际;诺亚财富
12c5e606,55众筹;55;55众
2e6a5020,恩圣威
4b18b9bb,智选天下
9b9bbc2d,文语影投
a7ebd2b0,广州天河区
94c002be,链信;链信国际
dbf9c8f7,以太坊;以以太坊
df1be9fa,季翁岭财富;季翁岭投资;季翁;季翁岭;翁岭财富;季翁岭投资有限公司;季翁岭投资有
7bd91ef9,名扬策略;天坛生物
3fc75110,环球捕手;环球捕
c4e38259,百事通;泛海国际
59d54adb,弘山财富
bbece0c5,百倍星球
2458c865,mfc
e5d32878,彩猪投资
5bf79847,公信宝;布洛克城;币币
1ea2a696,万通融资
05055f75,youbank;bos
18b6bcc6,鼎巽科技;鼎巽科
9a4cb7a5,德融财富;大大;大大宝
2ffef9a3,金鑫隆;土豆;锅巴土;锅巴土豆;锅巴
86813cd4,闪步;闪步达
b581a5e5,比特;比特币
fab86fac,金汇微金
ca447e7d,利合济民;利合;北京利合济民投资有限公司;利合济
294d67c6,仙之谷农场;仙之谷
68ba4402,全球看点
f4a26fe0,比特币;火币
c9a4c6d6,亦跑
d918f29b,农生链
792edb39,养鸡大亨养鸡;养鸡大亨
003cf201,诺德基金
1c16c15d,钱保姆
891413db,星星贷
868e2536,保励投资
eb039130,长征财富
70617ffa,华亿信投
49e5b39c,江苏
280d2784,多啦理财;多啦聚财
6be32859,玩客;迅雷爱交易;迅雷易贷;迅雷;蜂鸟金融;迅雷金融;迅雷金融超市;中再融;房贷宝;知商金融;宏阔资产管理有限公司;知客金融;宁阔;利民网;定期宝
886fad1c,华北大宗;锦丰国际;飞客在线
46679da2,sakim
bced5841,深圳优视电子显示科技
8ba8db79,元昇工
9a59d61a,大姐花;永利宝
59ad1655,七星众筹
f65cfbd4,都优乐都优乐
18c39924,98s漂亮;漂亮;兴证;万宝路;98s
0b54525b,鹏华全球
c25c24fc,创客;瑞景之家
b89ca52f,反波胆
9119a16c,中金亿信
826e64b5,智慧晶
b525bfc3,友信一;友信一生;友信
10e4aa89,民信幸福投资
bb02091c,通金所
244a1f51,钻石分期;钻石
47bf8fc8,邦君悠购;必发财
2a253aff,淘优乐;淘优乐商城
ac5ae247,联宝;宝缘联宝;宝缘投资
baad5e1a,亿品赞;淘金
8c610546,随时约;随时
3b6e7d7f,富通环球投资
696317c4,以太森林;token;以太树
8a291345,未来集市
c835b950,宝星环球投资;宝星环球投;宝星环球投资宝星环球投资
bb7c1d84,兴业;兴业数;兴业数金
22930a8e,易麦理财;聚友创;有融网;付融宝;喵理财
752e697f,云尊;云尊币;云尊链;云尊联盟;雲尊集;云尊集团;云尊币云尊链;云尊加密
35eb9990,荔枝口袋;荔枝
765a040d,国鑫汇;国鑫汇国际娱
6a270a78,比特币
b06aa946,小豹科技
6309147b,卡盟金服;卡盟;快卡盟金服
f59b8db1,淘钱宝
5149cd08,币安交易所;以太坊;youba;youbank
fb67cb4d,好友宝
c24c2c77,蜗牛移动
605186bd,云富反波胆
7d7fe123,汇信;汇信云外贸
47d34c64,陆金所;小赢理;玖富
e3db0263,潜隆贷
faa45fe7,妙月百
17c95288,维基链
c1c1a9ed,积木盒子;巴巴汇;人人贷;宜人贷
325a1b21,宜信;诺德基金;喆颢;诺德
c9f44d74,文汇阁
5c72fd91,比特;火币大米
0b8e5ce5,和基外
3ee2830a,期金管家
cbb2f32d,昆山摩尔投资管理有限公司;泛财富;昆山摩尔投资管理有限公
2d679f41,链信;趣步;亦跑;链信社
f55bfb52,悦拜;悦优惠券;悦拜领券
286384a6,香港远大期货;香港远大
28f11969,闪电;鲤鱼小红
45fb511f,贪今贝;千理财
608dc015,鑫中辉;大通国际
d6f7e194,小牛在线;小诺理财;玖富;鹏宇
06f730ea,速达国际;富宏国际
2861e428,恒天地产
46ffcf8a,富利环球
021e209d,afmfx
ed4b8733,和基外汇;易服商城;梦幻金游;和基;科瑞达外汇;友诚保险
2fcc56d2,雍铄金融;富友;中潮金服;中潮金;金佳金融;丰储宝;艾利;津融所
be715797,信达民
8818e870,聚胜财富;和平影视;聚生财富
3a269254,章鱼世界;章鱼娱乐;章鱼链
c4e94dbe,bitmex;derib
cc671d59,平安普惠
a4f282f3,钱嗨娱乐
cdc11bab,创赢财富
86d9181f,鑫合邦外汇
5b457dcd,盼哒科技
53f9825b,领域王;以太坊;以太;瑞波币
323de9f7,人人影网;人人影;人人
06c3d78d,智慧晶
4c1e0885,牧宝理财
09ceaaaa,尧锦智富;尧锦资金
06a7bb48,比特币
ea8896eb,时空周转;小象优品;时空周
437b9e96,素店;妮素;妮素国际
b3bef68a,赚赚
b704f34c,联亿国际;微交易
4ba30dc5,瑞波钱;瑞波币;瑞波plus
47c7d346,惠借;拍拍贷;大姐花
ec9ac4ad,粉像生活;粉象生活;粉象生活七;花生日记
bd5936b6,先汇国际;先汇
c54cd55f,诺德外汇
7c61cdbc,中盈财富
1a4bb6e1,西瓜生活
83ce2a51,挂挂赚
cdf97b3d,雪球网;水母云交易
d1af3c77,万猎金;猎金影视
eb08a04a,创客;创客链
24dae210,超级人脉
7932eb72,钱来也;轻易贷
6823e8b7,图腾贷
3437a362,和和基;和基外汇
3c67d5a3,新橙分期
cc0c687e,百裕期货
fa25eb81,火萤棋牌
8fdfd130,奥拓资本;奥拓资
54d47a5a,雅堂金融
c9280bdc,简啦啦
3aa4b821,华克金;好息集
ff7bb423,奇牛国际
5d0d6bce,华景无限;华景无限逍遥卡;华景
e971773f,峥嵘财富
7225a12d,小米之家;小米;小米有;小米有品
cd29ba64,维客特;维客
b52d10aa,阅非;阅非商城;火牛视频
83b03ec9,卓越世纪;安泰雅寓
b8b8f5f2,喵小二;喵小
06a4255b,香港谷点国际期
c17a1d93,汇联智投
1daabff2,口袋贵金属
8ead3e03,世纪金业
0a6216d9,a派
95de2e21,玖富钱包;玖富;玖富钱;郑州众赢集团
ac502da0,有信钱包
5a4daefe,邦富在线
aaff838e,芒果金融
a6a80ce1,乐先花;太原云信金融
b80c586e,斯盛能源;斯盛股份
3763b655,熊出没;疯狂动物城
36d4f980,以太;以太坊
20579ea2,淘富宝
6a9af610,小赢理财;小赢科技;星星贷;星信贷
3ec72d4a,雀尚枝头;爱尚养猪
395f864a,汇联智投
3934f36d,易生金服;易生;易生金;海航
1b559a7e,利特币
a65ad573,创客
5f64b430,大智慧;渤商
dd1c9526,小牛在线;小诺理财;玖富;鹏宇
b19a6c00,高胜投资
89564f4d,远特喜牛;远特喜牛ap;远特喜牛app
d0888ee3,虹奥财富;费金融;虹奥
943b8ad8,小溪省钱;聚小溪
de262333,迈达克软
8f2639d8,宜友之家;宜贷;宜友之
30c0e3d0,丰正豐正
92499cc3,悟空钱包
bbeaa8d3,峥嵘财富
7ef8ab5e,上海明溪资产管理有限公司
1990f0cf,钜富
853291ce,高佣联盟;拼多多;云发单
6df55287,米奥钱包;艾米
7cbd8b14,中能国际
0a285a17,中盈晟投资;中盈晟
4c111167,富宏国际
6548538c,富宏国际
ff4ccd57,国金中融;国金;国金中;臻鼎投资管理(;臻鼎影业
e5529c1e,火萤棋牌
489c6dd5,盈盈理财
0149abb9,悟空理财;玖富
d680a4f8,钱嗨娱乐
f4c91ac7,保德薪;海洋社区;润通现货
333c6b30,宝丰
e72773ab,安惠生物
d8898d1d,托富链;托富;托富币
c709f515,客福天下;客天下
86ea49f3,呆萌价;呆萌价a
493572c5,闪步
235160b9,车融宝
965afa4f,乐酿宝
e11e68d2,汇兴智业
939cf7c5,领峰贵;领峰贵金属
2a0a5b58,网商万宝
b6f7a819,卓越;卓越私募
3a3cea09,小桃微集
6984afe9,赶街
e7142247,天裕泓盛
4adad38c,琼华网;琼华
4cdf80fb,万能宝
84c89b6f,嘉实资本;嘉实资;潘多拉宝盒
daba16a6,乐金所;乐金所贝壳街;贝壳街
c9f7d367,印象口袋
e17a0417,试客小兵
90c7fb10,勒沛影视;菲兹在线;菲慈在线;玉卓影视;中咖影视;京都影视;辰威影视
860df1de,阿朵;未来;氪石币;夸克币;阿侬币;比特币
24a4f688,imcash
d520204b,福袋汇业;福袋汇;期海聚金
e8d92983,中金亿信
0f37c730,商机头条
398f4713,远大期货
127dcc6b,创世猫;以太坊
f47fd7d5,富瑞达
6a8bbf37,弘毅信投;信融期权
06f82908,小牛在线;小诺理财;玖富;鹏宇
c52b2789,创客新零售;霸屏天下;以太
6c600599,金柚子
5d0ef5dd,勺铃
1ebe96dd,钱保姆
3e593774,江苏百瑞赢证券咨询有限公司
762af7ea,诺德基金
00efad4b,麦点商城;麦点;麦店商城
ce3d934b,派派猪网贷;派派猪;易票宝;派派猪网贷广
92b3ea38,惠富天下;美季宝;双季宝
3160ad34,周转金服
0520f135,闪步闪步;闪步
e2a9ed50,小桃微集;小桃
80be6fbb,巨石财富
53ddd286,龙腾贷;飞猪;未来花金花
b9fad53e,天泽环球
e869ac87,牧宝理财
2ae4b281,清果金融信息服务有;清果普惠
d65a1577,fct领先外汇平台;fct领先外汇平
86e55011,惠己达人;惠己达
347cae00,商机头条
052291bb,展荣财富
420408c9,以太
750bc73f,gmg外汇
4b44b5e8,有点料
0d32db62,gsgforex外汇
e0b13fd4,和基外汇
51875c94,ewg;bmfn
58ff8123,多米金融;金储宝
9.05e+51,禦和弘
c521e86e,fct领先外汇平台
1732daee,金开贷金开贷;金开贷
94a46e7b,工资管家
8a0edd8b,波场币
78ecb10e,55
957bca9a,金易融(北京;e租宝
5f7cace3,紫景鼎
6195a49c,红杉财富;陕西红杉投;飞源胜商贸有限公
265fb4b9,帮芒拼
ebcab627,钱方好近;钱方好
509aee18,文通大宗;江西文通大宗商品;股丰云策;dai客理财
87273a26,泓石金服;泓石
260ca108,春兴精
5406db8d,日日红投;日日红投资;绿狗网;日日红
d8f79985,黄金钱包
b34a670e,朵朵街;朵朵街软;朵朵街系
d434c333,极客修
a021929c,金秋财富
528f45f0,创客链
b5af3adf,聚小店;聚小溪;小溪省钱;小溪;元购物
46bd931c,光大云富;房抵快贷;光大;光大云付
79e04aa5,悠乐买;有点料
d4be462f,优信;凯枫租赁;优信汽
2c5245d0,忠汇国际
f463e79e,喜牛;远特喜牛
5bd7e002,富管家理财
69ddca8e,禦和弘
4a4c66db,牧芽科
b107e82d,比特;余币宝
8fe5d128,时尚全球购
2cd0d094,英诺迪;英诺迪克投资管理咨询
51d20133,广州尚洁科技有限公司;德势力互动
691e227e,厚福无疆
6fed8003,乾联国际
c09e47f7,钱包侠;钱包
03b73f8d,小诸葛金服
66e218d8,精灵家园
af027081,牛多宝
6058d749,华夏云商;华夏云商新
e0dc02e5,微云全球;速通宝;加密货币
10c0fa54,jojomarkets;jojomarkets金融;joj
989cbcab,链信
b1865c4b,波场超级社区;润通现货;四川
22d2c80b,领秀国际
307b57ae,泰肯星球;泰肯星;泰肯农场;泰肯;toke
947087ba,劲拓股份;君如资;劲拓
688f5df8,淘优乐
f8721cff,壹彤地产
87d3aba2,镐丰资产管理
cac7aa95,笛派斯;法助无忧;笛派
f00072f5,亨达
30a2c703,55
30b8bf5e,腾邦现货
e93b3bf1,蚂蚁矿池
4990967e,优可生活
afe380ba,trfx
ec1f5853,欧米加;欧米茄国际控股;欧米茄全;欧米;omegagroup
aaf6d27a,聚汇天下
6d4c8677,盛新财富;浣熊理财;浣熊
23b72609,婕而逊;婕而逊投资
6e449f13,网易星球;哈希世界
69295b0a,万能宝
0ee77a33,熊猫量;熊猫
4180dca7,蜜蜂有钱;可溯金融;东方;旺财猫;重信;重信金服;亿宝贷
dbb33b08,富格林;富格
52890de6,mbi币
1c68d5c5,小米有品有鱼;小米有品;有品有鱼
4810a0df,北京红杉壹本投资有限公司;北京红杉壹本投资有限公;北京;北京红杉壹本投资有
0d459e0e,存德投资
75499ba9,荣耀
f5d82fba,泰牛链;以太坊
982dc732,富豪资本;富豪资
15c51f2e,有信钱包
03be6e79,宿爱;宿爱超级;宿爱方;宿爱智能
30badfd0,掌上拍;pac掌上拍
295e4e6f,京信;云鼎基金
b1cf31a7,创客;创客链
c54f4b4c,火趣小视频;火趣;火趣小
ff6afd04,mbi;mfc;mfc拆分盘;mfc游戏理财平台
d08b10f0,银多网;费信贷;费金融
1a946e5a,比特币
8f026905,前金融
cd5c9f86,领峰外汇
c88114cc,泓樽;龙都商城
b8b23a15,维卡;百川
1a3b4506,安惠;安惠生物;百菌健堂;安惠抢吧
edac3f1e,蚂蚁巴士
3cd118b1,max
16ec8092,蓝晶社;蓝晶社a
1ec6ca53,西瓜生活
2b26d8b6,环球金汇
807d874b,无锡;无锡日进金
40123d32,掌众金服
f89cf526,优品潮商贸有限;优品
9e1c7322,趣步
84a3ee48,戒有财
a7cde2e3,合时代金融
006d873e,小米有;小米有品;小米有品有鱼
32e2314c,美物说;华赢宝
a07ffe41,深圳
a8871557,壹彤地产;居泽地产
5a8e460e,辰颐物语;辰颐物语果园
0943260c,微多猫
a0e27a6c,金亚科技
62d6b09a,车享链;车享;车享魔方;车享豆
a5ad6ce9,海拓环球
c102411d,新橙优品
e7a2ef55,博美外汇
8799585d,北京;凡通影业;蜗牛动力影视
fb400583,民生信
c4b9c61c,盈联影视;广州泽辉网络科技有限公司;全民影视;广州泽辉网络科技有
d137d16e,易趣商城;乾通国;乾通国际;微交易
4075cfe4,帮芒拼;芒拼;帮忙拼;贵州
9.14e+60,收获宝
580b10a7,adaf;鲸交所
80f70257,小桃微集;小桃微集网
e3f6034a,素店;妮素国际
d8030801,维客特
90c1b306,皇玛金融
feeacba5,中金摩根;中金摩
9b878c66,商机头条
04451f37,申捷策略
9ca814e9,大田环球
1ad5be0d,全民推;软银支
bf619c77,海豚号
8e56b665,圣商;圣商投
5ccf01f9,全球看点
95fb8061,世纪金业;世纪集团金业
b95ecf18,金吉利宝
c025f389,远特喜牛;远特喜牛app
ec6e5529,广州因特间时尚
7e44169a,全球看点;全球看
4e58b6dc,优享财富
7a1b74ce,鼎诚创投
8f9bc5b0,筑家在线
31dd515c,安徽六安长源置业有限公
aff0a913,米缸金融;天安金交中心;富管家;天安;宁富盈;天安金交;天安财险;天安财
bc876cca,福袋汇业;仁爱福袋
1f7cfcea,昆仑;盈凯国际
20c763e3,abc
92f228bd,渝农商
55943a18,宜信财富
d38f8e65,永利金控;永利金融
5d206ae7,大田环球贵金;大田环球贵金属;大田;大田环球
e2899515,高佣联盟;小酷鱼;泰木谷;乐酿宝;乐呗;花猪宠物;酒链世界
e6ca783b,酷外汇;爱客金融
673a0ab2,如意宝;金机宝
616864ec,虎币网;虎币
8ad29b23,高顿外汇
4c61e280,维客特
2be53046,云尊;云尊集;云尊币
a45e37bc,影特币马克币
ba2e8af2,以太坊;小咖币;链行
dbdff8a4,杨方股;杨方;杨方配资
fec7ca8c,钱嗨娱乐
d8471c81,蓝枫林
17be17e4,以太坊
a915f4c2,镁客;镁客堂
c9505752,蚂蚁淘金;蚂蚁币;九霄商城
a147e28d,虎符钱包
a27b1c8e,文语影投
d141d5ae,小工匠;小工匠清
aa290ac1,创收宝;拓展宝
8f25a7cb,英皇金融国际;英皇金融;英皇国际
fd2e23d3,享骑
4a144210,唯存信;唯存信理财
bd74379f,火星钱包;维基链;火星钱;维基
2017a2ba,plustoken钱包;pl;plu;plustoken钱;比特币
b729f265,富格林
3f39b042,融创中;融创中国;融创
97db3273,大笨象商城
632edab5,香港远大期货;香港远大
a194bdc7,皇御环球
e2edf9d0,创客;创客链
dca11514,拓盈亿
80e70adc,远大控股
48a40d43,泛亚交易
42f2f9c3,jojomarkets
d62720cd,喜牛
ad20a21d,微多猫
d1c9303c,佰益汇环
a75066ce,币安交易所;以太坊;youba;youbank
169d8de8,维客特
77b70f9d,豹驰国际;币安国际
d674357c,誉鑫国际
b22f890c,璞玉品金;玖富金控
f18915a0,比特狗;比特;狗狗币
250ba18e,币虎
430ebb74,番呗商城;番呗;番呗基
a9457f60,美酷家;美酷;美酷科技;美酷国际
06d100b9,德众金融;乐金所;友汇金融;四海众投
b1a8c371,钻石分期
67ce9b36,优品潮;优品
3d43f924,水象分期
b59d95ae,币虎全球
a1a1a43d,朵色;朵色太阳国际
9f30f0cc,虹奥财富;费金融;虹奥
1928daa2,先汇国际
837919de,未来集市
d36ba85b,p2p理财
e6ea007e,欧特币
db39be14,智慧晶
0f4e6523,富通保险;九鼎;九鼎集
301ca578,麻袋财富
636ee6ad,优可生活
0a95a67f,和基外汇
073a433f,杨梅白卡;qq钱
597fb782,北京中泽鑫盛投资有限;小牛在线;小诺理财;玖富;鹏宇
a3e57aea,顺心花花
7589ed4a,她理财
69e18280,ffx
c531e0e5,省省;省省八全;省省八全球
3f9444a1,远特喜牛;远特喜牛a;远特喜牛app;远特;喜牛
eb19e96d,企鹅联萌
cbb16d3e,牡丹缘农场;全民比特鸡;牡丹缘;拉钩农场;拉勾;爱尚养猪;拉勾农场
c11e7156,乾包网
8ed32a9b,牛钱网;新湖期货;牛钱网新湖
5728f2ba,大牛花ap;大牛花;大牛花a
f01773c4,云尊链;云尊链交
b226d8f8,巨石财富;巨石
025c7c0b,万卡;万卡支付
be733719,飞贷;飞贷金融;飞贷天网
1db87a14,富民宝;定活宝
7f0bf00b,雅堂金融;联璧金融;唐小僧;唐小;瑞宝力源;蜀桑园
0ef63314,宿爱;宿爱共享;宿爱共
10b7bf38,提现普顿;普顿外汇;普顿;鉅富金融;海汇国际
b605718b,hot;享车
41ede196,龙爱量子;龙爱
52f331e6,期时星
9b1868c5,盼哒科技;盼哒
40c8338c,浙江琼;琼华网;琼华
54f02a87,et
bb99c527,凤推传媒;如吻内
e001bad0,达世币;斧头币;幽灵币
4982414a,九鼎集团
4b0489f0,新橙优品;闪电借款
fb1e695e,惠己;惠己达人;惠己达
dfe44904,嗨团;嗨团团购
6fb18c50,中瑞财讯
cac8b377,星际比特
d22be819,河南南阳大宗;河南南阳大宗商品;河南南阳大宗商品公
29571f9b,鼎诚创投
74bf16f9,赚赚熊
48f718f2,捷越联合;向前金服
8c473515,砚下金融
e9f5aa6d,中科星际
f67b351a,淘气购商城;淘气购;豆豆豆豆
ab3de9b9,大笨象商城;享链
91e2290a,兴业;兴业数金
757d7cce,币达财富
d35f4f3c,i云保
89346b9e,蹦蹦网;蹦蹦
dc940cee,火币钱包;火币
7d76b0d7,国远资产集团
6afcfa5b,天创息壤;聚汇天下;大唐天下
7227c1a3,哆备宝;贯军e购;云联
5f7ae4f5,趣码
8e1dbb07,聚票盈;梦幻秒贴;兴业数金;金锣
9f40032b,收获宝;收获宝理财
fcac75fc,usg联准国际外汇平
35f5c955,费金融;马上费金融
1694dc1c,花花借钱
317ad569,奇点
89edfb33,和讯外;和讯外汇
5652b2e0,盛赢期服
1c03a0e2,牛牛通宝;有点料
6afe9ad5,淘气购
a92113a5,果拾金融
fbc1b1e5,大圣理财;豆蔓智投;小豆钱包;哈鼎投资;康宏投资;中智魔;智投;拉拉财富;蛙蛙在线
6eac3edc,麻袋财富
7c5362cd,微信跑分
a59a159d,雷电速贷;金机宝
926fac90,呦蓝;呦蓝生物
88ec79f4,杉易贷;杉易贷、;助杉易贷
6f86f524,蓝晶社
e3be903b,小豹科技
3928c326,aef;极星金融
9c9214f1,人人优选
4396e95c,春鸿果业
7a26c25d,云达互助
d63f381e,嘟嘟生活
28b345ff,创泰科技;中聚明投
d778ced7,优梵暴富
5c21e820,钱盆;钱盆网
0d63ae5d,久久爆品汇;久久爆品
880bc1d9,销巴生
13dbca99,嘉实资本;嘉实资本管;海南橡胶;嘉实资本管理有限公司
8342e75b,爱润同安;金域府邸
9c7ab53e,番呗商城;番呗;番呗基
bb3e4112,人人影
b02b6bc3,狸狸商城;狸狸掌柜
6f38975f,以太坊
b5753461,万权创服
9255ac88,华登区块狗;开心理财;华登
5f0a1712,全球看点
50fd1cce,鼎汇金融
f9b076c8,p2p投资理;中鼎国服
e90fdc96,金豆包
28e3ce5d,淘领地
a2f19992,牛牛通宝;遗爱网
028edddc,辰颐物语
0985a7c8,玉链挖矿;玉链;玉链挖;宝玉币;以太坊
256fcd4b,点融;琮碧秋实财富;金瑞财富;点融网;快约金服;红八财富;北京红八网络科技有限公司;迎宝财富;鼎树财;融金桥;圣力菲金融;财佰通;赢昊资
5c30a107,太平悦享京彩;悦享京彩;富贵
1111b9ca,ptfx;pt;普顿外汇
efc7806e,亨达外汇平台
473da5bd,北方信托
d6baa4e0,远特通信;无限时空;远特
7d9108fa,钱来也网贷;钱来也钱来也;钱来也;积木盒子;你我贷
925e9df2,亦跑
b46d50e8,硕威投;硕威投资
ea26432a,米袋理财;米袋;米袋计
5da24092,亿海智投
3b7d54d6,小牛在线;小诺理财;玖富;鹏宇
edb00f55,英皇宝
40b4479a,空中比特币
e10d417b,和茶商城;泓睿云商
d764fe9c,创客链
5f02b87b,辰颐物语
12956da4,上海顺骑
bdcf83e1,艾尔链
63c96298,币盛汇;比特币;加密货币;币盛;比特
96ff1ef4,比特;比特币
f7e733f0,名扬策;股易融;聚美商城
faed320b,东方资;贝尔链;东方资本;以太坊;以太
c2166832,安亿金融;安亿金融明
4d21a2c2,豆豆
a2c0a8f0,鑫网易商;畅由
c2e2f9b6,隆鑫生态果园;隆鑫;隆鑫生态
31a874be,太坊
474b1e4c,中聚明投
89ee6520,盈宝通
fc410236,和平影视;中鼎国服;中鼎金服;房多多;房多
e8aa4477,丽达黄金
c6aff3e7,火萤棋牌
958ea583,中德海;中德海投资
709f9ea8,金钥
db787c91,小桃微集
0f53abf5,亿高金业
c6ac6df4,桔子理财
c8b66db8,朵色医美;广州方蕊生物科技有限公司;朵色
d52240c5,小凡人
08eb78b0,悦享京彩;太平悦享;京彩
e617c00e,小黑鱼;小鱼宝;橄榄优借;小饭票;熊猫钱;熊猫钱包
dc04f1af,恩焙优品;恩焙优;恩焙
7750b7b0,汇信云外贸;汇信外贸管理;汇信;汇信云;超汇信
c050d66b,融易帮帮
8e803f2a,比特;比特币;以太坊;瑞波联储
f1d687e0,华开金控;华开
a4d4b2a0,笛派斯
54b0169f,链城亿购
7943e608,拓盈投资
e4d2aabf,币盈联盟
5b2840fc,斧子币;蚂蚁;蚂蚁矿池
f7b95f2d,火币钱包
2186dd3c,链信;链信国际
388ec5d4,摇财树;庆翱投;庆翱投资;美美;国美在线;美美理财
86c52854,借钱周转
2dfc537a,链城易购;链城;易启赚;链城亿购
4c0d212c,秒钱理财
829cbd27,创收宝;拓展宝
0328db2e,众城家园;众城;问心家园
825f55d7,速通宝;瑞波币;比特币
4a6167f2,渤海人寿;渤海人;渤海e宝;渤海保呗
cdaa6e8c,筑家在线
b3898ffe,南京胜沃投资管理有限公;星火钱包
d6434c08,智慧晶
9e0b7213,蚂蚁搬砖;蚂蚁游戏
1cf17970,汇金
453ad961,小兔救急
5c169154,盐津铺子;盐津铺
a4587faa,曲全财富;海南曲全财富
77f25ab1,银亚国际
6abf4a82,55
ebed78e9,axitrader外汇平台
ece4d035,未来网;未来
91749c5d,未来金业
9e8b38e8,湖南伊思多尔
0e29ebaf,享车
fd3d0a7a,米房
1c4ee596,火币钱包
25669cbf,德融财富
b7a37779,鼎盈信投;鼎盈在线
394cafe3,借亦有道;亦有道
a9ab96b9,比特币;以太
d359072a,镁客堂
0cde2e6f,飞贷金融;飞贷;飞贷云
3c893c7a,和基外汇
ef60045b,卓德外汇;卓德平
9c29a08f,养鹿啦
a366ae02,比特币
87742f97,人人汇
15d1800c,svsfx
7ab63f1c,创客
17a46fb9,通金所
93210bad,善贷网;掌众财富
746c49b3,储信理财
839d3fe0,蚂蚁;当袋宝;蚂蚁窝
9ca9ea74,钱宝网
2b379191,以太坊
2ae72c92,盈联影视;全民影视;广州泽辉网络科技有
9092a6b7,汇管家;沙里淘金
967f540f,火萤棋牌
9db0cf51,全球看点;趣步
2b815c83,牛钱网
657afcfd,飞迟财富
550c6830,艾特链
b735c22e,云联牧场
02878c28,钱嗨娱乐
5c866c15,喜牛
010a09b2,维卡币维卡币;维卡币
664602fe,畅由;畅由平台
710491f8,易派支付;粤嘉基金
2aede375,恩圣威
063fe960,生意宝
7e5f2f6b,玩客币;玩客云
617d0553,文汇阁
9ddcb3cc,呦蓝
c88e0d2e,全民养牛;养羊啦;众牧宝;鳄鱼宝;长趣养鱼;趣养鱼;口袋牧场
1117f1dc,汉森信托
6cd17e00,挂挂赚
f71d450b,鸿汇国际
63e7fda2,恒丰
2f10107a,富格林;富格
4ccec9dc,易通商城;易通
a57dadb0,火币
e574ac4d,弘晟外汇
1927c340,弘基金融;安信金控;合欣国际;创盈金服
0d72e77a,卡盟;卡盟金服;拉卡盟金服;快卡盟金服
b4ef7a9d,比特币
d3cfb27d,诺德外汇
968fed13,火趣小视频;火趣
760d3924,好玩吧
cf9b95b9,季翁岭财富
dcec5060,长城通宝
79b0c107,比特币;以太;启信宝;加密货币;以太坊
bfdffe0c,中盈晟投资;中盈晟
e2d04f43,杨梅白卡
6d50b63c,钱保姆;钱保姆此
7894ed80,币安
25920d3b,迈阿币
8d20bb99,存德投资;存德
ffeab7ff,大象国际
d5a3f4a3,火萤棋牌
e74a4e9a,西瓜生活
ab03c139,藤蔓资产
a58b5cba,无限游戏;无限游;比特
14ce520e,8戒有财
48f80110,ctb外汇平
143ac38a,千牛;微淘
b7076d5f,火星数字资产银行火星钱包;火星钱包
f639698c,钦和投资
55e4c9ff,元东方红
c1eca8c4,快鹿;神开股
3d2d5a06,帝都快贷;东兴时代;东兴金服
cf1a21df,阜兴实业集团;上海;华安基金管理;华安未;票票喵;意隆财富投资;上海西尚投资管理有限公司;米林县投资;澜起;金科基;旌旗生物;律融
88ed8769,鼎联创财富;商鼎联创
da01a2d8,山东必普电;必普;山东必普
da957701,远特喜牛
c76d99d0,盐津铺子;盐津铺
d8d906bf,联讯证
24c6d25b,易宝支付
1e9009e7,金牛逸富;金信管家;信管家;银生宝
c7fc9a0c,杨方配资
8a90c7b5,美人团;美人
027c044e,币果理财
c032f2b8,hytfx
e6ec4868,顺支富;福满人间;顺商城;顺支付;天顺支富
ef2258cd,比特
7056068e,狗狗币
5e033abc,嘉盛集团;嘉盛;嘉盛集团股份;嘉盛集
3c03b966,银亚国际
b97a9fc5,昆仑国际;铁汇
58ed5617,创世银库
0a1cbd70,普信金服;普信资产普信资产管理有限公
d57c2c18,珠海鼎信佳瑞财富投资管理有限公司;鼎信;鼎信佳瑞投资管理公司
1b7b0544,币安交易所;以太坊;youbank
9aab0f88,米袋理财;米袋
c9437efb,全民外贸
064acc82,砚下金融
6e835f7b,爱汇宝
3ac87b8d,融汇通
f8fed1f5,悦走;悦走越有;趣嘿;闪步;趣步;趣行;迈步趣跑
d27584c4,菲特尔;菲特尔国际
802e92fa,中融民信
681fa0b9,鑫东投资
7efb354d,以太坊
bc2bd985,|联养链
17b85ff2,亿海配;亿海智投;索亿海智投);海智
871b7228,爱暄堂;爱暄堂洗
a6920cf9,托富链;拖富链
fb92a454,闪电;小红淘
9b7c0400,恩圣威国际;恩圣威
04d3aa60,优品潮
af661c44,小花年代;小花年
8ca173a5,河南;河南南阳大宗商品;河南南阳大宗商;河南南阳大宗
0ea526a5,榴莲微视;逗趣微视
5beba80c,顺心花花
bdabef24,悦天使;悦天使集
09be594d,以太坊
974d8724,和基外汇
d6ae3bc2,牧宝理财
bdd3b3aa,奥美外汇;奥美集团
7df49aa2,利辉乾财富;辉乾财富;利辉财富
af043897,可信贷
3b66d216,如意鸡33农场
a646e538,科妙服饰控;科妙
d8612cd2,泛亚交
6bff1812,小兔救急
f8055993,时汇创富
d5c79866,亿米快递
e50cf0c3,gkf
1c39a0fa,币盛汇
1688ec57,聚宝汇
adf44bdc,玩客币;玩客云
3d137286,顺天影视
ea4b7e1b,英诺外汇;英诺
3cc05196,挂挂赚;甩手赚;挂挂赚甩手
fac03322,乾包网
ae2ef36f,拼多多;多多进宝
083e6fec,云联惠
2ff8b1b5,沃牛资;湖北;无忧理;鑫银宝
204baee9,链城亿购
0bded747,健康猫
6c0d38a8,生意宝
b0571fd5,普顿外汇
2668cdcd,富管家;天安金交中心;天安财险;天安
610c0829,捷信;捷信金融;捷信费金融;捷信公
13607ee7,贷你盈;贷你;鼎盛盈通贷
73c8aabd,泰禾人寿;泰禾;大新金
81878dea,趣妙租
fee955b6,有品有鱼;小米有品有鱼
4d6b513d,万通融资;万通融;万通
6e06c385,abcc
2921a46a,华泰逸富国际
d428f378,比特易
8c86bd6b,汇联智;汇联智投
a95f073d,ma
d108b842,壹彤地产;尔滨
5fe4fecb,町町单车
8675ad50,比特币
e0278a83,柚子
1df9aa43,facebook
cb30d958,艾米
47180bfd,天泽环球
9da359c9,友信;友信证;友信证券;友信智投
a76a66d6,增融财富
73d2d2e0,喵赞;喵赞软
21eda81b,比特
5b3909db,美人团
a572b452,皮城金融
e49bc753,微多猫
47424fb8,奥美外汇
0a1f2363,中峻国服
0f674c92,淘优乐
a86fb498,智慧晶
0e44d69e,爱贷网;钱盆;普汇
fa642904,天宸投资
619abd7e,销巴生活;巴生活
476d2e1f,中钰资本;金字火腿;中钰
bfdc601f,轩鸿金融;轩鸿;轩鸿集团;轩鸿资本;轩鸿基金
9a860ea1,gtf
6ef9637b,雪山贷
d0bff797,聚汇天下
93564ec1,潜隆贷;丰付支付
ce99896d,全民推
1aa55f38,保诚国际
5a519eb5,trfx
1c0af116,亿米快递
0dd5634f,汇联智投
813fa787,上海聚睿创业投资管理有限公;夸客金融
1c80740a,远大期货
8f94dc52,汇新智;深圳市汇新智科技有限公司;汇新智股票;汇新智配
7a0febec,巴特币
01c9e142,大圆银泰;大圆
bfed517d,泰润生物科技;泰润生物;广西;泰润;泰润生
9e492e85,兴业数金;兴业数;兴业
d48626b9,太坊
d06d5640,印象口袋;印象;印象口
fa9e5fff,趣味城堡
dfd33070,斯盛能源
9902dacf,新客兑
02e21e70,汇投网;金羊金服
ff689d8a,苏州星链科技;lam;lamb
3f876d08,德聚理财
75ca4f41,百融云创;增信
4b7cd57e,芒果元宝
a0c44a3f,贵州国际商品交易中心;万銮国际;安信金控;贵州国;海南大宗;百益策略;xxx
5e00a4af,全民养鱼;全民养
bcb5c3bb,网金;富银费金融
2fcfc8c1,创世金库
3ad44bc6,富宏国际
f6e4d1b9,grmfx;奥美平
a629b887,微推推
7062e1e9,璀璨控股
d9c16236,悦享京彩;太平人寿;太平;太平荣;富贵钻;太平人
69a59600,秒钱理财
cd1ec310,aisa爱莎外汇
2cec989a,天裕金宝
07ddfb12,雷达;雷达币
eea26e6c,创金合信;创金合信基金管理
9ada02f2,久久联合;利合济民;北京利合济民投资有限公司;利合;利合集
433093f4,虎符钱包;段叔侃币
fb818dfd,蜜蜂花园;云发单
f1555308,navi;领航金融)
5b93f482,趣投资;拉拉财富
c51fc0ee,巨丰
0bb92591,有点料
9fc2295e,朵色
8a707622,芒果金融;星火钱
3892f59f,轩鸿集团;轩鸿集;轩鸿
2eb61688,聚业金服
ad3c9256,维堡天善;维堡天
ea356a83,财富
7872ab30,西瓜生活
22ffc922,火萤棋牌
4dcf4b1b,吉丰财富;吉丰金服
76df98f3,闪步;湖南
f0708112,度王金服;王金服
d0575658,玖富;玖富普惠;玖富钱包;桔子理财
aee93307,现金借款
8aceab68,蜜芽宝贝;蜜芽宝
2a3b6a3a,随时
dda2f75d,琼华网;琼华
b2880d39,掌上拍
01ae1394,呦蓝全网;呦蓝
14e0cd34,创收宝;拓展宝
059b454b,银巴克;三国财富;天天赢;英明财富;迎宝财富
b8a6a537,零钱宝
608e5e06,优乐商城;北京
feb9de14,以太坊;聚梦社区;聚梦;聚梦社
56bc5b39,融股通;牛金牛;聚点;金赢策略
9b731de2,豹付钱包
c064310c,诺德基金;诺德
fa43e7ca,汇管家
4a050b37,华泰逸富国际
f50b70f0,盛世华彩
2d2ef2ad,优信
122af142,俞丰财富;俞丰财富金
687bcc7c,礼赞商城
685c02b2,幸运十二生
4908c456,智慧商城;智慧
dc883ca5,优可生活
e15e54ca,全民外贸
618fdcc1,远特喜牛通讯;远特喜牛;喜牛;喜牛ap
78818c3f,闪修侠;极客修
89afa7a5,日日赚
79c67af6,爱荐宝
d98576b6,云尊链交;云尊链;云尊集团
23bf8960,创世银库;创世银
3bca6759,顺心花花;花花
d6a4f425,盐津铺子;盐津铺
4fa4f46b,德邦股;德邦股份
ebaedae2,尧锦智富;尧锦资金
53cefb2f,牛领;兴亚币网
da5fce05,喵小二;喵小
e4aaf631,gc金融
76cd4fc7,顺支富
0f7d34cf,vkma
e301b3ec,黔中生态茶交易中心
9686bce7,积金通;积金
caee8324,盈联影视;坤仕影视
bd27222e,mtg;mccaleb;小葱注;mtgox
e1692dbe,黔中生态茶交易中心;黔中生态
b67d2d05,全球看点;全球看
4bc76100,趣步;拼多多
70a2970a,潜隆贷;丰付支付;汇通金融;润达贷
94b9a0ad,兴亚币网
fc9b0c88,速通宝;瑞波;vpay钱包
eb2e9019,淘气
371693b7,小豹科技
6df73209,上海明溪资产管理有限公司
f1d519f3,汇联智投
ff2b3f81,佰益汇
892fed5e,融贝网
f49a0f76,章鱼娱;章鱼娱乐
d61059b9,ok
a5806dc0,特惠赚
88f9184b,金贝贝;温商贷
f33d726b,诺德外汇;诺德
ac3621eb,expasset
58f9c935,钱嗨娱乐
6c69546d,恩圣威
d6a694ab,易宝支付
2bcbaf7c,新浪有借新浪有借;快贷贷款;随心贷;真好花;玖富叮当贷;叮当贷
89beee82,中潮金服;荣耀金生
e63390d3,特惠赚
f0f2ab67,蚂蚁矿池
1b474d4a,锦欣生殖;锦欣;好孕帮
d3abdeb8,赶街
6aa29686,陕股交;陕股
5e675679,邦富在线;邦富投
e3bf6ea6,荣盛商务
d14ae4d4,加油宝
62af1289,中盈晟投资;中盈晟
a1aa9547,全民养鱼;鱼宝宝;tat
ff4f5344,豹子贷;造艺科技;有助贷
ade87b97,星际无限
e25b34c2,bitz
651e9038,同创期权
1f5b3224,龙虾发财
8d6bb6fb,全球购
d30fc49e,牛牛通宝
714733f3,金吉利宝;中传国泰
53aa97ea,币虎全球交易;币虎全球;币虎全;币虎;旷工传奇
71a315cd,hytf
bf05f0b2,硕威投资
41fec83f,超量云
fba64333,御银股份
490b5a45,亿海智投;信易赢
a333f3a5,钱嗨娱乐
288f0df1,斐讯
5456502f,亿高返;唐小;资邦金服;唐小僧理;瑞宝力;唐小僧
690f6b59,悟空理财;玖富;玖富钱
0667cdab,天亿福;天一福;搂宝;天亿福搂;天亿福搂宝;搂宝联;麦点商城;搂宝点;搂宝联盟;楼宝
abf750bd,峥嵘财富;峥嵘财
a2a4c435,亦跑;花豆支付
62ff992b,中瑞财讯;中瑞
afec9958,昆明栋平;栋平短
aea47673,鑫优会
32fc6189,恩圣威外汇
cfa195a1,万权创服
21561c65,华禹钧瓷;华禹
f269ad0b,快链星;币赢网
fe35131e,弘华佛学院;弘华佛;弘华
45d430b8,娃哈哈
15a8221f,点汇之钥;点汇
9cf03022,大众分期
1fbf141a,dg
d76fcfe6,比特狗
3e794f31,玩客云
db5dd2d1,礼品策
aa0f3a92,全网乐购;乐购
caf0d3e1,玖富;玖富普惠;玖富钱包;桔子理财
4fc9c95a,信而优
7e82975e,比特
770f25f0,玖富证券
97c81bda,臻牛所
67c7cac2,中诚实业;博信股份;中信登;光大信托;诺亚财富
6f55aa6e,巴生活;销巴生活;巴世生活;销巴
f6ebc85b,信汇;倍信汇;信汇通
9b8edd92,华景无限;华景无限逍遥卡;华景无限集团
c8db5089,金秋财富
8561847f,女英;全球麦
162cf671,天汇金融
247d6625,单享车;享车
c27204f7,币安交易所
eec602a9,贷易还;贷易还众;三剑;三剑客;贷易;互助盘
9825685b,唐卡国际
cffff97c,创收宝
2c4b1caf,in
e8f951c6,dragone
ec2738c5,泰润生物;泰润;泰润生
4294f588,比特币
f09df6d8,英诺迪克
d5948dd7,fct;fct领先外汇;领先外汇
ba4ae637,红杉财富;陕西红杉投;飞源胜商贸有限公
dbb0a51b,寰玥财富;易德惠
714dfc14,恒丰配资;恒丰;嘉实
d8819d45,俊掌柜
2073ce7f,谱盛科技
e559ad64,全球看点;趣步
5b8fc4c9,55
cd4dd6a1,金柚子;金柚子a;金柚子ap;有利网
287dd463,高佣联盟
1750fe3d,中峻国服
2d8ae88b,章鱼哥;章鱼
626f646a,神州长城;兴业信托
a061ae84,源中瑞科技;源中瑞
3de5838c,小豹
3ca43d53,优品;优品潮
4deb1bc6,艾尔链;百花竟放
e0ab4789,泰濠银汇
016e6577,中联亿配;中联亿
6ec85219,钱包侠;钱包
bb187141,p2p网贷
497e7fa7,京都世纪影视;京都世纪影投
1974d6f1,创客;创客链
6c8eec40,同君财富
b2ca51af,火币钱包
660cf101,维堡天善
124cfd09,華亞國際
2f747cbf,汇盈;汇盈天
60bf6f64,致享融
7d7c7f30,小牛在线;小诺理财;玖富;鹏宇
06246fa0,立信投资;坤海
71ff199e,土豆驾到;金鑫隆;锅巴土豆;锅巴;锅巴土;铭优人
d3453761,秒钱理财
3e86efcf,挂挂赚
947828d3,爱钱进;易通贷
119d74c0,五行币;亚欧币;莱汇币
5f940d2c,万多福
3d01a5b2,汇盈通
bf3289c6,蜜蜂花园;粉象生;粉象生活;粉象
d211e801,汇新智;深圳市汇新智科技有限公司;汇新智股票
bd938fb2,易信easymarkets
6400bca7,轩鸿金融控股集团;轩鸿集;轩鸿;轩鸿资本;轩鸿基金
b152b58a,展荣财富
24366b47,爱汇宝
a6ce00aa,东方财富
3c43857e,麻袋财富
f5a18da9,泰丰租赁
affb9869,蚂蚁矿池
3abf3ee1,猫星人;猫星人店
4a86dfdf,美缘影视
a1062008,鲁多多
9debcab8,顺骑;顺骑科技
c60be9c1,淘优乐;链豆支
be948f34,她理财
23c06365,车享;车享魔方;车享豆
99e6fcf1,中北选买;艾克国;世纪金
815bcb42,酷盈网;乐投天下;中仁财富
04e0fb8c,亿海智投
9ac45237,比特币
12f10161,afxgc外汇平台
c7b1df78,中联亿;中联亿配
3f179049,淘币网;链人;维基链
bce54819,北大青鸟金融;北大青鸟
384d2d24,猫之链;猫之
2d897698,睿新策略;睿新策略在
9371800f,友金所
82f8d1e2,淘气购
24ada77c,红果子庄园;红果子
e27d0491,好玩吧
0892daa3,易通创客
18529af8,远特喜牛
c9193abe,公信宝;布洛克城;公信宝公信宝
a3ae7788,莱茨狗
8045e7dd,钱嗨娱乐
9d325a15,启金智库;启金教;启金教育
4fa76a78,微小宠;微多猫
3ab02703,商房所;金吉利宝
d94be72a,春鸿果业
b443cfd2,蜜蜂花园;云发单
afb9c4ff,lin
516ffd5b,甩甩宝宝
d0db9b52,友信;友信证;友信证券;友信智投
f1ed7965,艾拓思
97bd3e38,普顿外汇;ptfx
dc57e41e,诺贝影视投;诺贝影视
0b31c003,天鑫金融
b9705022,喜牛;远特喜牛
78607c04,恒通大宗;恒通大宗商品;恒通大宗商品平台
34f62b1c,周转宝盒
afead14e,聚爱财
a1bd9476,美缘影视
c0dc1b61,天汇金融
f0731f01,睿新策略;睿新
92babbcc,共赢资讯;尚竞
de8cde6a,币达财富;币达财富公;币达资本;币达;币达资本币达
caf2b36f,吉祥
7f3ac169,杨方配资
9ab177d5,辉立国际
6464d062,恒信环球
9ba1bc35,大管家;水滴金融
c3b06ec0,洛安期货;天润社区;zi
2a80de44,小牛在线;小诺理财;玖富;鹏宇
8a5e5629,献金袋鼠
385c6403,以太坊;问心家园
323e77e4,希卡贝尔
2ed4325b,金秋财富
2f16586c,享车;享车加油
cd7931c6,华景无限;逍遥卡;华景无限逍遥卡;华景无限逍;华景城
dfb4c2a6,赚赚熊
0bdd4954,中联亿配;中联亿
776ab7a8,信汇;双币宝;信汇投资;外汇宝;汇财通;昆仑国际金融
76f9a8a0,九霄商城;鑫财富;蚂蚁淘金;蚂蚁币
6c35583e,钱生钱钱;小益理财;小益理;小益
84abfe10,金蛋借款;金蛋理财;金蛋;潜隆贷;诚乾贷
b172cdcf,惠己达人;惠己达;惠己
e03a4455,蓝莓花花
0345e61f,招财蜂;矩淘;超级零元购;拼多多
89da8247,全球看点;全球看
d12e8811,江苏大圆银泰贵金属
2c2f706a,英融国际;玖斗财经
8199dd2f,特惠赚
b6f8b1fb,费金融;马上费金融;马上金
c5c5ce50,全民养牛元
e57552d0,afmf;afmfx
c56ae50c,东创在线
cfb50a83,张吉记
8378e743,趣鱼乐
b1f848d3,远特时空;远特时空喜牛;远特时
4042b690,e抵快贷
74b95eef,艾特网能;牡丹;艾特网
987b0486,惠富天下;房易贷
bc11d99d,悟空钱包
17ad3e4d,保诚国际
9eb0c66d,睿新策略
020cf7a9,布尔金融
bf41e432,达世币;百倍矿;百倍币
1c67cc27,星展银行;中金摩根;中金摩
caaa97a4,华开金控
eee1cc67,比特未来外汇
02a91312,币贝
a1f0d102,金源财富
ac3d1091,南昌期财
c3a127e7,米房借条;米房
e09fa0ee,壹赶街;赶街
a855b480,dcofx、
44f1e2a2,易信easymarkets
1909e34b,以太坊
84d6cbaa,诺德基金;诺德基金管
51ff001a,斐讯;斐讯商;斐讯商城;斐讯斐讯;元购;联璧金融;联璧科技;联璧科;华夏万家;斐讯通信;瑞莱嘉誉投资;瑞莱嘉誉
3fa33dd5,趣渔乐;趣步
15f8a9bd,捷越联合
a3d2039e,比特狗;狗狗币
e8c519c8,老虎外汇
694d37cf,创投大师
ef9b8c3d,蒙顶山茶交所
40ce7b9a,悦天使;悦天使集
eb89142c,焕呗;焕商
9fca8637,海岛矿工
9150cc80,快猫猫
1976b67f,雷顿投资管
b3ede33b,柒天密码;天密码;膜美人;奇弘;奇弘集团
f4999165,英皇宝;英皇金融国际
80fc332d,华镇控股;华这镇控股
393bea8f,向上金服;向上金;捷越联合;向前金;向前
b4a61771,京开创投
5f92453a,榴莲微视;百倍币
acc4f879,比诺魔盒
b838bf09,乐先花;太原云信金融
03a25e32,宏图富邦;北京
6da427b8,金仕达;东恒国际
1c3bc074,惠嘉金融;小诺;融易投;信融财富;网信普惠;天农众;小牛在线
c407a467,巨牛盈;宝牛;金斧子;财富牛
a7e84ca3,全球看点
2281ddba,众达国际;娃哈哈
1943af85,瓜分宝
f9e36379,鲜生友请;钱大
b4e7d5f4,融金所
f3a4dede,有点料
f893ecc4,福建冠海海运;冠海
41687d68,蚂蚁窝;蚂蚁窝团购;蚂蚁
1ddc0403,玖富叮当贷;玖富
2a275a71,奥美外汇
c2361077,火萤棋牌
0356cfb6,sefd
30dcd39b,创客;创客链
7768d726,以太;壹账
7ba6f4fc,老虎外汇
9be8d1d9,盖娅链天;盖娅链
d19a258d,黑蚂蚁管家
157464b7,恺英
c8e57809,百益策略
b14e85c1,汇信;汇信云外贸
a519c175,千理财;小益理财;小益理;小益
5379c8a0,长城通宝
ec89ed04,火趣;火趣?
403ca208,华药益掌通;益掌通;华药益
cfbda5ea,虹奥财富
4c2971f1,智选天下
0d8d4784,献金袋鼠;金袋鼠
fd6d81d8,雨果网;雨果
a2c336e3,商机头条;商机
82e4e1a9,创世银库;联连理财创世银库
61ebb004,闻喜配资;闻喜
c9988ed8,陆金所;多啦聚财;小赢理;小赢网金;微贷网
541792aa,米讯网;亿品赞
50ad976c,蚂蚁花呗;牧宝理财
80e00366,钱多多;黑旋风;钱多多牧
0feb8198,皇朝万鑫
a3db526a,联养链
6a3423d1,悟空理财
ee85a0a2,大众分期;来分期
a0e1e47f,小牛在线;小诺理财;玖富;鹏宇
c846d4a4,泰润生物;泰润
99a55efa,花花
78f08145,福瑞斯金融
69422e2d,华军合创;华军合;哆备宝;世纪华联;世纪华
4be800a7,火萤棋牌
9176fcd3,富瑞达
7734db75,中金亿信
301f3b6b,硕威投资
41f66756,素店;妮素国际;素店盛
83c133b3,东方红
9d282248,明堂;明堂金融联盟
fe8ea760,betdic;dragonex
74ec0348,easy;易信;eas
84c1ca9b,微多猫;加粉猫;众人帮;微多猫毛钱
cb32b9d6,云尊币;云尊全球
9b063800,柚子生态;柚子;柚子生
9566044c,网信;网信普惠
a2437c18,快鸟贷款;快鸟;云白条;快鸟金服
41e2f874,百倍币;达世币
f846fb98,比特狗;狗狗币;比特
bbdb99b1,大圣金福
4ccd57cf,爱打卡
a5f66900,tigerwit
5ae9b4d8,咸鱼妹;咸鱼
80f49c44,水象分期水象分期水象;水象分期;水象;水象分期水象分期
00589ec4,瑞波银行;瑞波币;瑞波x;瑞波
612bc6e7,新加坡鼎汇外汇
d53e708e,万权创服
6b049074,cqs外汇
95ddb032,以太;ema;emaar
a117692f,九鼎集团;九鼎集;九鼎;富通;富通保;富通保险
4b923ca7,和信贷
3028421f,澳蓝智康科技;澳蓝智康;香港
5add53bf,远特喜牛;远特喜牛ap;远特喜牛app;远特喜牛a
629bf5ee,芒果口袋
feddb2d1,乾润华创电子商务有限;湖南;乾润华创;湖南乾润华创
cb56d513,比特;火币网;火币
d2f949ce,创盈金服
d3b8f711,恩圣威
306a1e89,以太坊
949e6e63,猎金影视;猎金集团;全民影视
f213910b,蚂蚁花呗;好借钱;淘钱宝
2e0da2f6,金猪管家;米袋子钱包
9c75acdc,sangrealfx圣杯交
e7b1c6fc,火萤棋牌
407651f7,easy;易信;eas
72245fb0,英皇金融
0a718041,华融
99e7026c,米库帮
8f81bded,河南盈鑫金融服务有限公司;河南盈鑫金
8b52ad82,币信ap;暗黑币;币乎;以太坊
a068ff70,朵色
b3030ae2,火币钱包;火币
3f9b5d43,养鸡大亨
56ea988d,崇信德亨
d9c72a20,飞客在线
be838e05,蚂蚁矿池;蚂蚁矿
59af76db,有点料
2131eeb3,盐津铺子;盐津铺
c0a447ef,我爱我家
6b0dc180,禦和弘;股转期;禦和弘平台
bed6d3a2,素店;素店素店
6efafd68,oan
70dacb84,袋鼠妈妈;点融;橙旗贷
8cb5ec87,汇管家
bc51e585,bfsforex牛汇
aa51564f,畅由联盟
7ddbfb05,春天
550539c4,博林环球;博林
7a42ae98,英皇宝
732f1290,神店
b9269396,汇展通
335807f5,钜富;鉅富金融;钜富金融;鉅富金;波场超级社区
6193ec8a,钱宝
ef23a650,喜团
d73a9241,小豹科技
6cb512c5,嘉盛集团;嘉盛集团股份
764e9b2f,新华世纪;华华惠满
e9504ed6,小鸟发财
f816703a,羊毛学堂;金蛋理财
b5647d46,东霖国际
e7286a49,创客
a0b16fdd,sakim外汇
76a92302,有信钱包
e7c0cb86,数安
ba19f386,芬香小
e490f629,trfx
89adc72b,智圣金服
697a4ebb,lazad;lazada
42eca906,养鹿啦;云联牧;小鹿理财
44b971d3,铂诺财富
857a02bf,jojomarkets久
dece82fc,快鹿集;快鹿;快鹿集团
aa92bebf,唐鼎耀华;申万菱信基金管理有限公司
a15d25e1,地平线;益爽电子烟;懒猪到;懒猪到家
d75efe84,乾包网
71a08bde,小鲨易贷;马上金融;招联好期贷;玖富;玖富叮当;玖富叮当贷
648a39bb,红豆卡;闪电借款;红豆
5ce200d0,嗨团团购
ace2c82a,英诺天使;英诺天使基金
2f6a2c7a,喆颢;诺德基金管
7f9d455c,全球看点
95f9e0ef,盐津铺子;盐津铺
a3c12a37,万顺
051891a3,南洋国际
97ac771f,安亿金融
9744d6d0,玖富;友金所
37150da4,国泰君安;同花顺财富;同花顺;兴业证券;新城控股;新城控
49b6a62d,gtfx
b7c71bbc,亨特国际;微交易;金盛微交易
f5ffe174,以太坊
4caaa519,创百金服
2a834057,享骑单车;享骑
5dd4fb63,比特币
ae39f25e,金正;期海聚金
5a60afd7,明堂;明堂金融联盟
c8a83d7d,稀万外汇
fff1313f,逸富国际
894a7f06,人人汇外汇;人人汇
2d12baa3,帮芒拼科
a06b6163,悟空理财;玖富
1a5786aa,牛金
e6d64870,豹付钱包;豹付;豹付钱包～
893b727c,八条鱼
0cf14fc8,金大宝;金中宝
87cf9be9,jojomarkets
900f229a,黄金树
af7a2c0f,人人汇
3567549a,恩圣威
08599d3a,诺德外汇
1bd64e96,尧锦智富
a449368d,诺德基金;诺德基金管理
3854745b,小桃微集购物;小桃微集
fa03dbd2,海多宝
b7609f89,疯狂动物城;乐高;乐高疯狂动物城;疯狂动物;疯狂动物城里跑;疯狂动物城里;狂动物城里跑;疯狂动物城筑梦日记;狂动物城;嗨疯狂动物城;疯狂
5df2cb30,中元天颐;中元天颐交易中心;玖富金
2ceef814,鼎诚创投
99c1323f,文汇阁
ae4cd7bc,小龟;小龟软件
82ba8d74,盈合凯祥
1fec01ab,软银支付
6c9b8dff,创收宝;拓展宝
3dc1d351,随时约
09ac8e79,嘉诺控股
f944e74c,费返现
a9720614,安利微购;安利
e44257fe,超级人脉
f958d707,吉丰财富;吉丰金服
a9305a82,度宇;宝石星球
41e4b062,火萤棋牌
b3e4b2cf,明堂;明堂金融联盟
6f3b094c,华盛资本
df10d880,天汇金融
fc429c25,小牛在线;小诺理财;玖富;鹏宇
4ac6e3c7,55
9f0af0d4,乾联国际
f8613556,panda;panda拆;pand;pa;opanda
279dde8e,天心金融;银谷;银豆网;金瑞龙;爱福家
ccf1a80e,昊鑫隆;昊鑫
4f95c509,恒富交易;恒富;比特币;以太坊
009f5eac,辰麟宝
77e1cc29,托富链;托富
68bbba9f,小牛在线;小诺理财;玖富;鹏宇
0ebf5ef8,小凡人
0ccab14d,国富通
a81cd96c,云联汇;以太坊;赛尔
d29b6d1d,邦君悠购;必发财
083df1ff,凤推传媒;蒙巴萨
798b3f82,飞贷;多飞贷;飞贷金融
98c0b0f8,鼎诚创投
abcd50a5,米房借条
df68840e,正宇控股集团
bd77a98c,英诺迪克
ad75ffba,爱乐在线;爱乐在线平
0ed263c9,浅丘金融sl
a293bd41,钱程策;钱程策略;钱程无忧
a351d776,荣盛商务
640322b4,养鹿啦;养鹿;小鹿理财
d447aec7,奥美外汇;奥美本;奥美集团
f0b0f7f1,以太森林;以太森
8f64654e,宜信财富;诺德基金
8f6f5434,gaea
d7d2338e,5策略赢
7a75d7ec,元宝号;天心禅
d935f3b2,沃顿;圣贤财富;小马读财;玖财通;民爱贷;民爱;牛基金
ab67adfc,投金宝;美易理财;美保宝;美美理财;国美在线;鹏润;美美稳;国美控股
cefe7bbb,诺德外汇
4d3bda9f,客天下;客福天下
f32813d4,世舟之家
d97f004d,币安
c08277bc,玉卓影视;京都影视;辰威影视
6d935ecc,网易云信;网易;云信;网易云
d7e6d4e9,中联亿配
4cfff8be,马克币
d5f0e112,金汇泰
a1e3f8ab,游资通
c73d1272,普资金服
2e788714,欧特币
44165a8f,空中盘;新客兑;新客;保德薪;龙腾
fca6ba1b,广州
2195f495,芒果口袋;闪电借款;芒果口
3e562e96,手机宝
8a692f5d,展荣财富
25ec19a3,小管家
cb9c6c17,嘉盛外汇
d9bf76ae,小工匠;小工匠匠;和汇品
c0f532d0,红楼财团;湘约红楼
a60f88d4,小赢卡贷小赢卡贷;嘉卡贷;玖富叮当贷玖富叮当贷;玖富叮当贷;省呗
a7053b69,艾特币
84b86888,梵大
f4c60325,特惠赚
4ad5ca6e,粤财信托
e84e6249,手机宝
e7567ed1,臻牛所
e837c05a,小米币
fb2f583c,河北
c29aa538,雷昆投
6a3d7225,55
5dead3e3,easyforex
b46ecefb,55
6979d0a8,管家;管家帮;家管家帮
68dc4849,顺心花花
90dbcb5b,五行币;亚欧币;莱汇币
f7dd33e8,币盈联盟
28a20cd8,九龙鼎在线;九龙鼎
c76e07c3,鑫果交易
ca70991a,多米金融
e3995ef5,世舟之家
c7adef33,远特喜牛通信;喜牛通;远特喜牛通讯;喜牛通讯;喜牛;远特喜牛;远特喜;喜牛田;喜牛田田
f292256d,礼品策
d0584fba,景鸿;景鸿集团;景鸿教育
2ece4a06,盾安;盾安集;盾安债
cc3b110a,金顶环球
503d6a2d,砚下金融
01ad8d87,雷达币
ed3a8a49,掌众金服
0497bee0,比特币;瑞波;瑞波币
e94e1e13,氢点;氢点平;氢点科技;氢点科;浙江氢点
eac1fb07,小龟;小龟软件
dcca6033,分成网
0e35dbe4,宗客网
3d665764,开心果
000b8b75,嗨团;嗨团团购
b43b935c,分红宝
0e51b721,英皇金融国际
aab48eec,维堡天善;维堡
4ce3c8f5,博创科技;博创;国君通信
067bfde0,exp;expass;expasset;ex
221120fb,维卡;百川
a869fc8e,汇盈通
172eeaa5,皇御环球
a798bf44,借易通;易通k
a2257053,牛掌柜
c8923d65,以太坊以太坊;以太坊
7b686560,蓝莓花花
043b0baf,鸿特精密;钱香金融
4b17a059,精灵玛可;北京银策投资管理;天下酒坊;爆米;可嗳吉米童装
6eb00e97,挂挂赚
d456e7e0,牛钱网;牛钱
531e3a76,邦君悠购
f68fa49e,华盛资本;翻倍牛股
32fe0107,富管家;天安金交所;鑫聚天利;天安金交;天安金;天安金交中心吧;天安金交中心;安心财险;启信;天安
e8ce28b2,爱宠飞;趣渔乐
e9342213,荣耀配资
d4fc1ab9,etf期货交易所
14e35327,众生策略
5ba2c5e0,陀螺世界
589bede6,时视影业
52953dad,企航;鼎舜商贸
1b3268a8,朵朵街
110bc197,酷骑单车
881ea066,喜团
c5cd6139,理想家园
596efea5,余钱;亿企;联璧金;宝灵;百信;宇飞来;摩卡小宝;缤果时光;普朵米琪;嘀嗒叮当
47a3bf83,以太坊
be1e0a28,嘉诺控股
66f86085,水瑶黎在线
df9a5d9c,宝星环球投资;宝星环球
64efabe3,新客兑;澳客国际;东方财富;问心家园;天宝互助
fd97f723,民蕴财富;民蕴财
982e5921,千米币;千米
d69c94b3,小金袋;小金;盛禧;盛禧影视
ae824620,诺德外汇
2bf9000d,贺邦借贷
8b695307,鼎诚创投
8ea60f79,悦讯
42f0994d,车丰汇
5eb88ec2,葡萄浏览器;葡萄浏览器项;香蕉浏览器;葡萄浏览器2;萄浏览器;萄浏览
babe77b3,致享融;自贷宝;自贷
12a8db37,美酷国际;美酷家;美酷;武侯美酷家;美酷集团
166eaae7,和基外汇
ed78d6df,宜友之家;宜贷;宜友之
e657fc16,yo
0d717969,度王金服;王金服
d782b82c,海星mt
c866ace1,金富国际
8883244b,盾安;老虎财富;盾安集;盾安债
680390f2,智汇魔方
850af158,比特币
c6c80131,奉恩之家;奉恩之
494237a9,cambridgea;双湖资本;宝宝;宝宝树;佑佑;佑佑宝;育学园
d6ada5d1,九龙鼎在线;九龙鼎
3503385f,创世银库
592f3c20,恒丰配资
320a9083,趣步微鲤
d3e9822e,麦穗金服;宜人;宜人贷
05ff298e,德爱
bfe2489f,养鹿啦;梅花;梅花鹿;小鹿理财
29bfbe54,素店
1166fca6,神州专
deaaee39,全民理财;智圣大健康投资有限公司;智圣金服
019af4f3,比特币;币易;奶酪生活
3fe301cd,水滴金融
742744d1,月月救急
3d512e10,朵拉试;朵拉;朵宝;朵拉试衣间
eb4afcdc,鸿运信投
b7997761,svsf
38f980b8,金元卡;金元
83f95325,百信通国际
e2d91eb7,辰麟宝
75ae2384,中民集团
9ad51b10,龙虾发财
adac6f17,汉富资本;汉富;汉富控股;汉富资
289c2458,全民推广;全民推广圈;全民推;全民
515b1a3c,亿智蘑菇;上海引聚金属管理投资有限公司;宝蒂巴;抱金网;上海;北京;天华金号有限公司;雅堂金融;亿佰仟;真宝金;金石国际;金石国;大富源
3d3542d5,ico、sto融资
edd22b86,55
e47fe16d,嗨团团购;嗨团
5610ee76,比特币;比特
48bc1590,有点料
28c6601d,乐分商城
f9870fbc,鼎兴环球
9eacf626,共享宝;共享
2b75cd07,奉恩之家;奉恩之
d7358ba3,plustoken;火币;民佑资本;民佑股
ae32c324,万多福
9c4e5259,京都世纪影视;京都世纪影投
8eb10e48,得能;乔士德润;乔士德
8fe42fb5,5pa;中聚明投
1c0cb900,比特;有点料
35cbe1d5,朵拉;朵拉试衣间;朵拉试;朵拉试衣
586d1cec,东方微银;超能小;益爽
d5444c8e,英皇;英皇集团;英皇集;英皇娱乐
1ab96f73,国金中融公
8cc68173,水瑶黎在线
0af3aa34,鑫东投资
da43fe4e,谱盛科技
d7c37aa9,嘀e桶金嘀e桶金;嘀e桶金;嘀e金融;嘀e拼
b110e91c,简七理财
ee47b6cf,吉悠;吉悠乳;吉悠乳酸菌
a52cd88f,悦拜
15541cf2,金中宝;钱宝
d3ebe2a0,维卡币
acfef861,爱客金融
cb2ce913,比特元
18d2d003,诺德基金;诺德基金管理
6a21426e,aetos;aeto
1dfa3450,微多猫
b51158a4,江苏百瑞赢证券咨询有限公司;江苏
62bdc5bd,保诚国际
2097e841,牧宝理财;牧宝
93adc6a7,蜗牛动力影视文化传播有限公司;蜗牛动力影视
bfaf0deb,共赢;共赢资讯
db4715bd,玛伊微享淘
03d35348,topb
ed58ae9a,北京红杉壹本投资有限公;北京红杉壹本投资有限公司;北京;北京红杉壹本投资有限
ba7e0150,hyt
e5f778a5,世纪金业
4e33c3fb,惠富天下
070223a9,平安宝;融牛在线;融牛之家;爱钱进
6661cc30,凯捷金融gkfx
00c86385,万豪金业
3dbfc7c9,普顿
cf87a5f2,维堡天善;维堡天
ee56ffe8,礼赞商城
b2943d72,东霖国际
9167b5f4,微小宠;甩手
85b2db35,以太森林;以太森;森林集市
a1c7a876,环球金股汇
26e400c7,小鱼赚钱;小鱼
7.39e+80,贝福;贝福特;吉家
820c4066,唐卡理财
794ab7fc,tr
9fad74e1,双创在线;双创在线平
7620380d,比特;比特挖矿;比特挖
f3bf581e,普银币;趣钱网;以太坊
d2298897,趣嗨生态;趣步;趣嗨生;趣嗨;趣嗨影视;趣嗨旅;趣嗨钱包;天互军团
8cc51f60,润通现货;润通商城;润通市场;润通;润通现货交易;牛可润通;润通现货市场
1469d63b,逗趣微视;逗趣视频
bd4506fd,安利;安利微购
09fc05db,付融宝
acaf8d5e,平安好房
06818b1b,liil狸狸;li
4332f37a,享链云;享链;享链盒;享链盒子
a8f230b5,智操盘
8099a175,币虎
da1d9293,网盛生意宝;京信
a3fb2a2f,现金借;现金;现金借款
87abf72c,以太森林;以太;以太树
f2ff185c,创赢财富;创赢财富创赢财富;环迅支付
b45fff99,以太坊
1fe31849,万政全民经纪;万政全民;万政集团;万政集;万政
8be919fc,牛钱网;牛钱
e17355e3,比特币
83ac0e82,小豹科技
3a3aa21f,天鑫金融
5fa6a25d,华登
564065d4,奇弘云;奇弘;奇弘集
65a52446,汇新智;汇新智配资
237750ea,牧宝理财;牧宝
af2b5930,多号网
6c664d8f,zjqkf;比特;西瓜生活;58
f252538e,火影帮
fa50ce63,红豆卡;红豆
ab34b84d,百瑞赢;江苏百瑞赢
c5f76121,昆明栋平智能投资平台;昆明;昆明栋平
82df1f2c,瑞骏策略;优财
034cb7eb,维卡币;以太坊
0ac0fbd8,快鹿
e80dc042,环球之音
5be9c882,平安;平安好房;平安好;爱屋吉屋
2c4882bc,比特币
15abbc0c,多米头条
a1ffc8e0,养鹿啦;养鹿
085a0329,风雨无忧
87e9abba,华宝基金;华宝
4ffeb02e,大众分期
c2634dd0,用益投资;尤斯财富
4680258f,国惠投资
70068d2c,火币钱包;火币
9dcdfaeb,景鸿集团;景鸿集
02f68152,镭达;以太坊;时尚链
aac1ab0e,全球看点;趣步;全球看
59d302cd,广信贷;简单赚;帝泊
e0c73b14,希卡贝尔
65e4e6c3,尧锦智富
c2228f55,盈首
f95e9f11,高朋金融
742febb8,钱来也;帛扬集
2fea6681,汇投网;金大圣
ae1c5c1e,瑞波币;瑞波;瑞波p
b2487bda,phibro
3db6963d,玖富;玖富普;玖富叮;玖富钱包;玖富万卡;玖富叮当
8556fd0b,小龟软件;瑞讯银行;小龟
aa1ba5b0,名扬策略
7aff52f0,合盘贷
c58f3daf,鼎展
8f6605c0,众盈环球
581720ec,华登;狗狗;华登区块狗;华登区
9c11c019,迎宝财富
f43d8b43,恩焙优品;恩焙优
957a3407,今有米
ecf8e07e,梦想
1f87748c,adcc
03e95350,澳沃国际
d51840dd,以太坊
2be750c8,上海顺骑;顺骑共享科技有限;顺骑科技;顺骑
8aaac7ad,优可生活
7a35ebf4,easy;易信;eas
9c1ed9fb,广西
b0693755,蓝莓花花;蓝莓花花优享
210509d4,9金融;9金
7d582fed,启金智库;启金教;启金教育
6300458f,钱嗨娱乐
0ab8a756,微淘
3166e522,股亿讯
0573e484,瑞波
c7c2b28c,愿景基金
ab534a9b,信贷;飞贷飞贷;飞贷
71c77908,聚电智能科技;金石资本
57d28441,华安策略
d6c098e0,亲殿影视
b4019344,冠联投资;布尔金融;布尔金;冠联;优财
1e839f7f,万世吉短线
d20dd84a,简啦啦
ff1fd8e6,黄金钱包
2951578d,奥弗国际
f5bdbde2,远特喜牛
64a4a681,俊掌柜
e09c3efd,置上金;银巴克;三国财富;置上;天天赢;英明财富;迎宝财富;瀚翔e家;鑫脉财富;汇投富;鼎树财富;华众时贷;币优铺;鑫仁财富
f2f649a8,喵小二
f20dc1ce,聚美商城
1e2e6b9c,惠富天下
9966b60a,利利金服
84ddfad0,创赢财富;创赢财富创赢财富;环迅支付
844b4f87,优美易购;广州欧博;集分宝;集分
ae7baec8,喜牛靓号;远特(;远特通;喜牛通信;喜牛;喜牛末梢;远特通信;霸屏天下
f3f4557c,云集;36金融;未来集市;未来;拼多多;拼多
36d76793,拍拍贷
46930c26,维客特
2327db48,砚下金融;易易金服
7a08e256,北京;盈合凯祥钻石画;北京盈合凯祥
521fb8b1,fil;ec;加密币;filecoin;比特
6f0a382e,hoo理财
593deb14,普信;普信资产;普信财富;普信金融;普信金服;征和控股
fe3c42ea,呦蓝
3b9aecfb,商机头条
9f2cc087,礼品
e3c73228,恩焙优品
d601109e,汇诚国际
cb6eb585,极客修;极客
1666058e,米袋理财;米袋
23a40fa0,邦富在线;邦富
ec7b3496,expasset
f47e2948,富鑫策略;富鑫策
74886f8d,柚子
81bc736f,奇牛国际
58bdddb5,盖娅链;盖娅公链
95aeddc6,金盒子
39e8b5c5,人人优选
fdc99bfe,嘉盛外汇
fcec49e4,随时约
d17d9da0,秒钱理财;秒钱
3ee11d19,小赢理财;前金融;网利宝
7ff92999,金盒子金融;金盒子
5c9a5c5e,峥嵘财富
ce63ff96,蓝晶社;杭州
5de01c04,玩客云
d8e4b02c,标荣集团;山东奥帆都
c85ae4ef,北京国远资产管理集团有限公司;国远集团
0d1c4458,玩客币
264efd9e,天王联盟;以太坊
b22c171f,钱嗨娱乐
13c7fad2,亦跑
bfb33da0,英皇集团
eb16f08f,加油宝;加油宝金;费金融
2b2f8942,钻石分期;钻石
1a704864,福袋汇业;仁爱福袋
f2a82575,sakim
4d5fb65a,人人;人人贷;合众e贷;微贷;微贷网;麻袋财富;中腾信;小花金服;费信贷
98c32eeb,盖娅链;以太;以太坊;盖娅
6ac6fa43,时空周转
12a18ac3,恩圣威微交易
5013f517,股亿讯
138d092d,丝路金交;丝路
b2bd14c3,霍特币;比特币;以太坊;英特币
a1a90b54,悦拜
ca730709,全民推;全民推全民推
5c602aa5,吉丰金服
da27928b,微云
7f69d4d8,币安
09581ffd,豆蔓智投;红丰智投
7d064330,鼎诚创投
a78fbe75,欧特币;欧特
ba28c2e4,玫琳凯;玫琳凯海
e8a9da64,秒钱理财
b2c160d5,平安普惠
99fb3227,手机宝
7e431f20,加油宝
e4b6c67a,榴莲哥;玉芳;科妙集;科妙;闪定;闪定平
b483b931,谋成创汇
e89d3d03,金殿环球金融投资集团
1692940a,华夏云商;惠普国民生
20f01a97,积金通;上海;积金
c1183940,汇新智配资;汇新智
6cfe1fa7,万豪金业
64c0ca44,中龙创想
ad9b1663,创客
1a4dfef7,金柚子
26a01447,创鑫钱
7fe351c4,钱来也;钱来也钱来也;翼龙贷;极光金融
d4e24a7c,trfx
568ef448,众生策略金融;众生策略金;众生策略
2a09c54b,钱包侠
29712fc8,利魔方;银湖网;密安链;密安币
83268b9e,慧盈理财;慧盈;慧盈理
56bfc52a,星星贷;掌悦理财
a52eb801,小豹科技
b2ec61fc,98s漂亮;漂亮;兴证;万宝路;98s
3b4a2da2,斐讯;斐讯商城;斐讯超市
18eab095,快鸟贷款;快鸟;云白条;快鸟金服
459d5d54,地球;地球币;比特时代;比特时代交易;比特时代的
77ab3fd6,以太坊;比特币;联贝德
8ec00332,易信普惠
8ee453ef,文汇阁
ef2af7a4,金盒子;金盒子金融
817c058c,鳄鱼金融
1e7d7e2d,飞迟财富
4d1deacc,百狐商城
dc609d6a,加油宝;众安保险
b4802722,源中瑞
ce19c396,鼎诚创投
9b446496,好玩;好玩吧app;好玩吧
140e24ed,金源财富
eabfef9f,亿米商城
f3daca46,前海开源;锦安财富;前海;锦安基金;前海开源资产;前海开源资
5261ac29,素店
6d34daf9,帮呗;科呗
167c7dd3,智慧晶
b8ebe043,vnfx
103b7232,润通;快钱支付;润通现;快钱支;润通现货;润通现货交易;润通现货交易市场
7dc7cb4e,世纪金业
79b13f9a,弘晟外汇
233da315,水象分期;水象分期阿;蜜蜂农场;水象分期薄;水象分期水象分期;水象分期撒;水象分;水象分期9水
d1ed60e1,温州华行投资管理有限公司
6b60fcb1,万能宝
70145a18,比特币
d269b48f,tri拓利
d76c51f5,河南鑫语电子科技有限公司;心语通讯
cdb2765f,国金;国金中融;臻鼎;臻鼎投资;臻鼎影业(北京;国金中融投资基金管理(北京
a9d58221,宝币网;宝币;比特币
523be86c,牛散联盟;东方资本;老虎汇
b973ce31,全民推返佣;全民推;全民
af1e40ca,瑞波联储;瑞波国际支付;瑞波;瑞波币;瑞波基金
18e5a977,adc;以太小丑
d99946fd,赚赚熊
9a8590b2,滴滴日本
e8f64824,小鸟发财;闪电借款
617b4d45,钱香金融;有钱香金融;钱香;费金;平安人寿
d071660b,每日一淘;每日优鲜
90f55461,链链金融;家多宝;家多;加多宝;quot;链家理财
9ce3198b,华夏云商
8b10f114,金盒子;杭州
842f2342,乾包投资
6dd29c49,长亚;长亚集团
ce7760b4,玖富钱包;玖富
183fa7c9,朵朵街;朵朵街购
5586ed2c,君如资产
1b617d19,维客特
12a214d0,天华金号
13a39617,盈合凯祥;盈合凯祥钻石画
43c662fe,同创期权
c306a3d2,必发betfair
d8eba9ce,虹金所;虹奥金融;虹奥财富
6b0b8996,华禹钧瓷;华禹掌柜;华禹钧;华禹
84714f9f,国远集团
5681edaa,中瑞财讯
9faeeaf2,奉恩之家
f822975d,以太坊
4c694de9,小龟软件;小龟
e5e4510c,衫客;衫客智汇
4db71795,特惠赚;广州薇生堂国际贸易有限公
ee32932d,英皇金融;威海
2.76e+74,嘉盛外汇;嘉盛
4e993ea2,中德海投资
12e228c8,百瑞赢证券;江苏;百瑞赢
f1b2eb25,布尔金融
7b93ed06,天空之城;宿爱;宿爱智;宿爱智能科技有限
67b08fae,微多猫
3adb5224,奥美外汇;奥美信托
0bc31991,万氏国际;万氏;萬氏國際;万铂
804afe3f,丰正豐正
65c2d690,未来集市
9a2abbee,芬吉
e91b43b4,e抵快贷
4011a321,金元卡;金元
8e59af87,卡盟v;卡盟金服;卡盟;卡盟v金服
24a2be9e,文语影投;文语影视
5e502f0d,米缸金融;天安金交中心;富管家;天安
c3f47a40,九龙鼎在线
1a2fda24,环信投资;诺安期;万銮国;安信;贵州国际;海南大宗;逸富国;百益策略;众昇策略
f2363f4b,大通全球;大通全
bbf69898,中瑞财讯
7e3b43ae,闲鱼
3525080c,融成保理
07fd8357,聚电智能科技;金石资本;瀛和
04cf9a2b,享车;享车a
35502dee,花生日记;卡盟金服;卡盟v金服
9ae26264,玖富金控;瑞德环球
9ef29afb,健康猫
01fe9836,ti
c7597eb7,aet外汇
cd9d17f8,柚子
381e3895,虎币网
1413ea3b,火币
7b481d25,简啦啦
c44d5798,未来集市
0cf0b155,和盈
70bea741,中能国际
9b177127,钱宝科技
e1f82e62,雀尚枝头;尚亿
1836f63d,金田正;e租宝;金联储;农信商贷;君德嘉信;一米融金
9e08ec00,文语影投
d9a346e5,expasset;exp;expasse;expas
537a56b3,汇品万货
8f73647f,鑫时光;昆仑万维;钱包管家;易享贷
a059ce12,皇玛金融
ae9e766b,pac;掌上拍
d85b2cca,猫之链
520388fa,火币钱包
bc906dfb,富通国际;玖富金控
d4328b25,海贝国际
de376a14,全民养鱼
399e0e34,黄金原油
d4a27664,逸富国际
ff1990f0,微云
2e0e3ce5,拍拍乐
60fb7be4,保德薪保德薪;诚者聚
6d4ace61,捷越联合;向前金服
8d077557,添益宝;添益;翼支付;添益宝理财;添益宝添益宝
9d4c4e8d,广州
d5ea994f,dme鸿汇国际
8e264582,富喜智服;云居
1dd4ab6a,蚂蚁矿场
839ea1f3,中信华睿;中信华
604db6f6,北大青鸟金融;澳瑞克;琥珀帝国
d15de5e5,玖富;玖富普惠;玖富钱包和;玖富钱包
b964cf00,酷骑单车
1aac0ecc,鼎赢牛
de12c454,玩客云
7005133f,维堡天善;维堡天善投资;宁波维堡天善投资管理有限公司
f450b672,激石集
6b195ea2,英雄链
7a8a7712,becho
674cb143,西部;百利好
2b3f81c9,hotforex热汇
fd5966bf,友信;友信一生;友信一
9f9a0d95,嗨团;嗨团团购
22b6a4ce,聚电智能
52cd1966,小兔救急
754a05ba,未来集市
cd1d5d03,邦君悠购邦君悠购;邦君悠购
c984be93,小马读财;集利财富;小黑鱼;海融易;惠优贷;邦帮堂;大唐;豪哥聊;大唐普惠;盈盈金;盈盈金科;微贷;微贷网
bb888c00,文汇阁;文汇阁外
c2c4c9e5,东方财富;鹏华全球
520c9118,债易还;互助盘;人脉
1fd8e6cc,爱建证券;爱荐宝
a69d151b,天宸投资有限公;天宸投资
f7a56f66,in
d585c4f0,艾特网能;艾特网
80fdcdb0,佳莱科技
09bfa7d0,小花年代;小花年
ff8f25a7,景鸿集团
636d78be,恩圣威
c4043a74,英皇金融国际;英皇金融;英皇金融国;英皇国际
4e3cda19,有信
21f19850,妙月百;妙月;妙月百度
46af4428,领奇财富
ec742d74,优可生活;优可生活还;叮咚生活
3ca7a340,玖富集;复仇者联盟;汇通天下;贷通天下
ea574e50,手机宝
33f6d234,美美理;国美在线;美美理财;国美控股;美易;投金宝;美易理财;美保宝;鹏润;美美稳;国美
1cbb8a8f,凤推传媒;闪步;闪步a
f5bc437f,比特;比特币
4605b971,红楼财团;湘约红楼
ac597c54,艾拓思
f204903a,首投理财;首投
38a3c4fd,米奇生活;米奇生活智
fd0a730e,avatr
434aaff4,大姐花;大姐
946cb7f1,风雨无忧;闪电借款
27cecb3f,锦欣生殖;锦欣;沃森生物
4c4d1d34,壹彤;壹彤集团
e510c088,蜂巢棋牌
ca42366b,afmfx外汇;afmfx
1c385e67,钱牛牛
a302c2c7,鑫优;店集市;鑫优会
92870d5f,香港富盈
a19ba425,京都世纪影视;京都世纪影投
eadb835a,国民;昶昱黄金;存金宝;存金
7eabbeef,有脉金控
a40b6a1b,淘气天尊
2e3c9394,小豹科技
1bf18058,火趣
8ca9dccc,银德投资管理有限公司;银德基金;禧德
cdc753bd,富管家;天安金交
f75c878e,蚂蚁巴士;闪电借款
f6036994,银德基金;禧德
534b67d1,上有财金
d3b1a6e5,泰瑞币;比特
8bcf29af,博迈在线;博迈在
4e57af3e,福袋汇
8c2bf6b9,龙盈理财;家和盈理;车盈理财;增薪;增盈
4661d5b4,承返;承返云支付
2d2c9223,火牛视频;红域短;红域;火牛视;红域股份
7d3dbdb5,维信金科;维信金
d5047096,gaea
c1f0988f,盈联影视;广州泽辉网络科技有限公司;全民影视
9b200853,盈联影视;全民影视;广州泽辉网络科技有
1901f313,中峻国服
5d8470c1,中赁投资管理有限公司
6c36c62d,雪谷科妙
a4c882eb,安信金;博恩
5e761f5e,天裕泓盛;鼎琛;鼎盈信投
22c3812c,奥美外汇
1fca31f8,coinbkb交易所
b168b592,前海开源;锦安财富;新财富
e234697d,云达互助
6581749b,超级人脉
8e3b8b54,天鑫金融
b32e0bcb,环球;环球之音
60900ec3,gkfxprime
99dd0274,维客特
4dd37b50,江苏百瑞赢证券咨询有限公司;信易赢;信易赢息;百瑞赢
ca176bcc,世舟之家
f86355d8,俞丰财富
265c2aaa,西部助贷;西部助贷网
1189ebe2,手机宝
467de5ff,益掌通;联创;华药益掌;益掌
29b9f642,钱宝网
05ea4831,鑫东投资;鑫东
146a4828,小蜜淘;小蜜淘商
e708120c,鼎诚创投
bb602dcf,福e宝
0294a581,亚泰
b73adbcc,众达国际;娃哈哈
54140cb9,鸿运信投
52b83c84,宝星环球投资
7381c751,拼多多;好玩;好玩吧
cfe3c937,掌上拍;pac掌上拍
a26c1dbf,宝富国际
244c5747,拍拍贷;王卡
e7b3a672,okcoin币
6e97c059,牧宝理财
ef85dcf8,红豆卡;红豆
d3b7eef3,趣码
507d5635,聚宝
29a38e1f,逸富国际期货
263bd87c,荣盛商务
39ce8596,红金所
75ed818f,贝福;贝福特
79b86e6e,小豹科技
788e95dd,泰禾人寿;泰禾人;大新金融
d28c6c2c,全财富;曲全财富
7bb423c8,春鸿果业
cb975d6d,华盛资本;罗牛国际;奇诚心
1286440d,aet外汇
9f8b44b2,米房借条;米房借
c974078f,汇盈天
050df01c,比特币;比特;瑞波
b85f4ddf,吉悠
0bbabb82,必赢集
360b213b,顺天;顺天影视
f9d41a0d,max
d4620087,华泰逸富国际
6f41354c,顺天影视;大圣影业;沛琪影视
c6ff7845,高胜投资
bac62b3d,乐享宝;红岭创投
3cf728e2,云尊集团;云尊;winbitex;云尊币;云尊集
2714c581,诺亚财富
bf5dd479,特惠赚
04e29b02,钱方好近
666032ad,百益策略;众昇策略;金源国际;汇丰联合
d819705c,恒祥经济
e205581f,以太坊
006c79a3,同君财富;同君财富资讯
b139c0ad,众生策略
84296b54,神州专车
19fdcdfe,瑞志
dc3ad92f,波场币
d3683648,艾丽哲
d751e766,百年保险
e15dcad9,中融民信
184605da,分秒金融;百金贷;太湖国际商品;牛板金
3e3d5bb1,百合婚
36737db5,十二生肖;幸运;plustoken钱包;信利宝;创头条
08fe190f,有脉金控
f8e2e1be,米袋理财
6c407ddc,景林资本
15cfd0c9,雪兔金服
944ccfb4,比特币;比特
33205b7b,提现普顿;普顿外汇;普顿;米治外汇米治外汇
c851d595,甩甩宝宝;甩甩宝宝粉升掌柜
fe292355,秦川策略
311616c5,摩拜
09ff9bc8,玛伊;玛伊微享淘;微享淘;玛伊薇享淘;玛伊微淘;玛伊惠;玛伊国际;玛伊玛伊
d1b30c3c,保励投资
a6f979de,小龟;小龟软件
4e669e5c,逗趣微视
c33ca3ca,有信钱包
673c42a4,融登中心;南昌市民融;南昌市民融登中心
8d608781,美美理;国美在线;美美理财;国美控股;美易;投金宝;美易理财;美保宝;鹏润;美美稳;国美
22e3f969,文汇阁
c9d1e334,拓盈
96d8d03a,虎币网;虎币
ca5e0620,凤凰金融;桔子理财
50fe82dd,爱钱进;凡普金科;桔子理财
7b3d38c7,丽泽金融商;丽泽控;丽泽金融
00ac0f40,微多猫
71c4e71b,海贝国际
0aa4971d,熊猫;比特
f87454e9,深圳万多福;万多福
b17485d9,文交民萃中心
37cf031a,亲殿影视
6fb21243,快鸟贷款;快鸟;云白条;快鸟金服
0c399642,蹦蹦网
0486f7c7,优信外汇
8beb7972,优信;雷帝触网
757b34d8,顺天影视;乐映影视
96c4e071,钱香金融;钱香
5ebec6d4,享链云;享链;享链盒;享链盒子
7cd9e7d1,比特币;空气币
51ec29b3,万通融资
6a1abceb,榴莲微视
50c9fba9,世纪金业;千信必进
93b1f6ec,中龙创想理财;中龙创想;中龙创想投
03ce9d9e,趣渔乐;趣步
a9166ad1,金鸟期权
3b453440,壹赶街;赶街
85af15e3,vkmal
1f60cca1,蜂融网;金椰金融;点融网;拍拍贷;拍拍
445f3763,朵朵街;元购;朵朵街元
7623a61e,金斧子
0cd77f9b,小诸葛金服
6867fc37,嘉实基金
bf56e503,辰麟宝
a063ce0a,爱建证券;爱荐宝
dd320a1c,瑞波;速通宝
6aad8f64,闪电鸡
13336b56,谋成创汇
432ec331,闻喜配资
a21069a9,布尔金融
9e577e40,gaea
4222389a,万多福
88f049bf,金盒子
577daf1d,诺德外汇
bb04410a,点融网
efc41e7d,融金壹号;融乐金;融创
f2b4153e,成泉策略
207a9f8b,鸽派
b30094f1,致享融;致享融官
04b18eb3,优可生活;优生活
cb16e90b,淘气天尊
941fda05,fxvgi外汇
4a2a6a90,信邦策略
4ddc62b2,众人帮;赏多宝
061f9125,麻袋财富;费信贷;腾信宝;中腾信;小钱袋
c75f36a1,百瑞赢
4b7a9d68,fi;中创融;中创融科技
2dacd8d8,乾安投资
fbe781b6,保德薪;天天微;天天微赚
d51e08cb,榴莲微视
77e2523a,爱暄堂
d06f36ce,牧宝理财
6e178aa2,币赢网
a1238e48,趣渔乐
77e89ddd,霸屏天;麦小贱
53b9be43,红人街
9720ba15,河南南阳大宗;河南南阳大宗商品;河南南阳大宗商品公
963d0899,雷达币
eb1fa17b,中能国际
5fb47569,币创交
da9fb8e6,艾诺外汇
703d73a9,丽达黄
6b3f6ef1,久久外
da9c26f5,呱呱金服;粤辰;粤辰金融;莘莘财富;山水财富网;永声投资;摩根甲阳微购;好投资
2b9d6cc8,米奇生活
34a53ead,欧特币
f5e3d13f,网信;网信普惠;邑嘉
d33b23f9,北京;北京红杉壹本;北京红杉壹本投资有限公司
49265b6c,企叮咚;魔塑健身
3491d9ca,华宸未来基金管理;华宸;华宸未来基;华宸未来基金管
bbd807a2,拆分盘
406486c3,中泽鑫盛投;小诺理财;玖富;鹏宇
630a8a68,盈泰;盈泰联合;盈泰联合投资;智鼎投资管理有
9f72ac5a,杭州商邦科技有限;北京;财富宝;拉拉财富;江苏高润资产管理有;星辰金服;红八财富;顽皮娃娃
e0ad0f9f,创客;创客链
7580bcbe,展荣财富
6e20f3d6,理想家园
4026da55,西域网
a045fe59,欧特
97b60f42,联贝德
752df76c,老虎外汇
a9719807,以太坊;蜜果美剧
81ecf8cd,富管家
0f86bca9,火趣;火趣小视;火趣小;火趣小视频;火趣视频;火趣火趣;火山小视频
acd8c832,sumtoken;火币网
41d3c916,小龟软件;小龟
0f89a54b,艾诺平台
859515fb,乐先花;太原云信金融
3d81ef49,sd
9eeeaab0,钱嗨娱乐
5636de25,福莱币
748bf19e,平安普;平安普惠
8ce0b120,嗨团
79a21633,春鸿果业
e19dbc3a,比特;比特币;星球基地;黑钻;公信宝
993aba59,清宴宝
87521fc4,芒果元宝
ba5baf10,蹦蹦网
611f2180,米奇生活;优可生活;米奇智;米奇生活米奇生活
0a4c36d2,max
a488bef3,飞贷
11ff5013,商鼎联创财富;商鼎联创
d93ec2c8,淘优乐;链豆支
e26134da,华镇控股
c31a9399,恒烨国际
b19575e2,铂诺;铂诺安盈;铂诺财富
9e91ff84,卡盟;卡盟金服
2933735e,全球看点
e2bd7272,zfx
2033f267,五行币;亚欧币;莱汇币
ab37265e,有脉金控
f1974565,金机;金兔宝
744b877d,火币
955c0454,钱香金融;钱香
287b9c75,趣享付;5趣享付
daef4b01,托富链;爱润妍
8d996f69,小工匠;小工匠匠;和汇品
4619893a,p2p网贷;恒易融;恒易
9e004369,达世币
9bbd8c7e,乾安投资
ecefe14f,小趣宝藏;小趣
fb2cc62f,亚泰坊;亚泰
8505e8ba,赞播优鲜;播优鲜
595987d1,立信投资管理有限公司;立信投资管理有限公
e96bb053,世纪金业;世纪金
d03c237f,龙腾;蜜蜂乐园;金汇泰
038cc108,喜牛
b0b6efee,衫客;衫客智汇
c57bac2b,尊享庄园;尊享庄园农场
8a845897,万商惠
0847cdff,和基外汇
6d3c7590,景鸿集;景鸿置业
b0ceb360,易到
1e4a0759,以太坊
c2211146,wot
c1401d8b,点金;点金国际
f436ba39,币达财富
be1d943b,好省
54b8b9f6,云富反波胆
3e45073f,掌众金服;费金融
1c5facb1,钱宝;钱宝科技;钱宝佛
275e367e,厚福无疆
115cfcbe,云朵接码;桔子理财
fd7746b4,好玩吧
f0acc7ba,微贷网;微易贷
21bb6baf,壹彤地产
91eb78fe,华克金;mfc;mfc拆分盘
879009a9,喜牛
c034baae,微云全球;微云管
6799a61f,借易通;借易通还
936b4763,bitget;gt理财
15baf52b,秒钱理财
14aa3ecb,维客特
4a505690,凯源外汇
9b6965bf,瑞波币;瑞波;瑞波联储;瑞波基金;瑞波币瑞波币
f0f355fa,玖富集团
7243ad66,管家帮;会管家;管家帮会管家
3d65c977,和基外
280588ed,fxvgi
87f59bf1,火牛视频;红域视频;智汇魔方
5cfe309b,汇兴智业
06c0499e,cfx圆汇
6be5604f,微交易
5e597ef9,河南鑫;心语通讯
787355ad,健康猫
f71edb18,特惠赚
941c4416,博创兴业;博创
2dbe0fec,虎符钱包
1b8f94c0,信之助;蚂蚁窝
9e3c0b67,中盈晟投;中盈晟投资;中盈晟
70e13501,友信金服;友信智投;宜人金科
afdda83a,手机宝
a516d897,趣步趣步;趣步;路趣步;智慧晶;火趣;火币;火趣币;花生日记;未来集市
33c8fab4,熊猫
94f2adcf,安凯国际
557ad3c1,全球购
64268cf4,惠己达人;惠己达
a4acee2e,米房借条
e82bf011,狸狸商城
26d6afb6,手机宝
76f6b142,融牛在线;拍拍贷;融牛之;红岭创投
fa091435,意诺互联
72026fe3,聚汇天下
344d9f62,恒富
cda5776e,哔宝;哔宝挖;哔宝挖矿
334437be,宗客网
ad988870,迈阿币
f08dfe53,兔子金融;飞库投资;状元理财;亿盛宝;金服;仟人金服
cdfb1bb3,澳沃国际;福袋;金殿;海聚金;期海聚
dc3388db,富瑞达
8d44d75c,小樱桃商城;小樱桃
9680f4f1,花生米富
4b8e0cec,盐津铺子;盐津;盐津铺
277a66a3,牛汇;牛汇外汇
f631c6e5,玛伊微享淘;玛伊;微享淘;玛伊爱;玛伊惠;玛伊国际
dd958e29,素店;妮素;素店盛世
614c3431,双创在线
55727ca8,中海领投;聚诺财富
4b73cc9c,民信幸福投资
92d418ee,火币钱包
80218b18,日日赚
d09f8fd2,侠侣联盟
57c05375,亿高金业
8d076785,鼎诚创投
e13a380f,拉拉财;拉拉财富;宜投金服
65afeba1,创世大发
fc0bf1c9,华克金;华克金坑
a9433776,极客修;极客
2117dee0,卡盟金服;卡盟;快卡盟金服
7da3a78b,万顺
6489a7a8,rusdav锐达;orusdav锐达平台
d21ef1e3,优品潮
9bffd0e8,多米金融
8ba18a8d,bet3
66fe2893,皇玛
95d77fd5,光大云富;房抵快贷;光大;光大云付
755b4c9d,中能国际
d97c9e5e,智慧晶
10d3d3fd,存德投资;存德
e2196854,立信投资管理有限公司
aa353a8a,普华在线;米治外汇米治外汇;提现普顿;普顿外汇;普顿
7c896c73,加密;加密金融
fe517fdb,恒信环球投资;恒信集团
612858f4,金秋财富
531da465,红杉财富;陕西红杉投资管理有限公司
1fbd7494,度王金服;王金服
44276bed,百惠优美
c13758e7,海带
8777b184,天拓国际
31ea2828,京信
fc6f9d0c,诺德;诺德外汇
326efc46,鸽派
36f157c0,杜邦财富
856e9d9d,人人聚财;三益宝;蜂融;蜂融网
be4b578f,聚小店;小溪省钱;聚小溪;小溪;元购物
28a192cb,赏多宝;众人帮
4e4b9f75,比特狗
e604e9a7,钱方好近;钱方好
f7fafd26,小野;投融雪
7e9cc79b,互融宝;付融宝;惠众金融
138e973e,昆仑国际
7ad253d9,朵拉;朵拉试衣间
93d59a29,亿品赞;亿品赞拍
56512cf3,锦欣;锦欣生殖;好孕帮
f1860c42,乐先花;太原云信金融
7118a1b3,券妈妈
150c3839,aisa爱莎外汇
ea332295,创客;创客链
7252e441,昊鑫隆
4ab8f75f,有利网
87b7c767,广州西勃商品交易中心;西勃商品交易中心;广州西勃商品交易;伦敦;香港世纪金业;伦敦金
05c4d70b,万权创服;万权创
1a33ea6f,惠鑫投
3f4485f8,小樱桃商城
7b74552b,亦跑
1910ba34,艾拓思
f334239f,鑫银宝
aa4d6604,pa;pac掌上拍;掌上拍;pac
89dcca51,诺亚财富;承兴国际控股
f3cfabf9,特惠赚;特惠赚邀
0a5f1f7b,客福天下;客天下
a08588ba,周转信箱
5710922c,比特;星际特工
f821094e,海南汇邦外汇;聚鑫鼎汇
33be4145,联合
105f1ef7,蚂蚁淘金;蚂蚁淘金蚂蚁淘金;蚂蚁币;九霄商城
e04ab7b2,国远资产集团
3c934427,永利;永利金控;永利金融
70591f6c,宏源国际;宏源国;鼎盈信投;极致环
634ab670,皇御环球
c99021b1,雷达币
eb660368,云尊链
00e562ac,顺骑
4c175971,锦安财富;天驰君泰;猫眼;天神娱乐;意隆财富;锦安基
e4752e8a,美物
7595dd01,波场超级社区;火币
ab76e4db,创百金服
c993bfa2,悦拜;悦拜会
af8ebd8b,荣耀配
f393a7aa,汉富资本;汉富资
97429ec6,特惠赚
b91ef300,泓石金服;泓石金
9935a3bb,小诺理财;玖富;鹏宇
0950b094,美酷家;美酷;美酷国际
0c94dd90,企叮咚;企叮;叮咚
6f160865,拍拍乐
4fada59f,海慧通
5c461af6,腾邦现货
c5eb516a,锦欣生殖
5ea4be89,rusdav
1181448b,中浙金控
a0d50318,魔幻宝石屋
0c0b3933,wo
be5767c4,in
19f49c0a,衫客
f130c150,京开;京开创投
16489ab4,杨梅白卡
530f7351,清宴宝
8286c57a,点点啦费全返
20f38484,润通现货;四川润通现货;润通;四川润通商品现货市场
1c1e6e34,豹驰国际
d7b65f4b,点点下
2e3adb82,维客特费
c600d8bb,牛多宝
6.84e+81,exp
8b9c3c1e,忠汇国际
0127089b,凤推传
7c199132,艾丽哲
8637f1c6,恋指团
4a44c9b2,帮芒拼;芒拼;帮忙拼;贵州
574c9e7f,众生策略
9fde1915,冠联投资家园
2ed27a4d,淘金网;淘金反波胆
ba7d9f43,明堂;明堂金融联盟
5a6331c4,速汇国际
0211397f,猎金影视
eb729c4a,酒链世界;酒圣;酒链世
ff9315ec,小豹科技
cc6804bb,速想购
1e995813,sblock星际钱包
eeda32e2,拼多多;云集微店
4843b56e,新橙分期
4e8be996,活期宝
43e052ad,天裕泓盛;天裕泓盛业
4fed9987,麦穗金服;智融会;钦和投资;耀光辉商贸
6880441a,红岭创投;红岭;费金融
d4dc62fc,丰圣资产;卡得万利;上海良卓资产管;良卓资管
05236f26,波场超级社区
30d47cf2,米庄理财
a2034000,ice
1a97f049,试客小兵
e187c467,爱善贷;湖南借贷;中盈
9e6f1ed6,优选理财;叁信代金融信;优选理;木庄网
19ab0e4a,闪电鸡探险鸡;探险鸡
2a4336b4,pgwg
109e9689,银小花;银小花还
89c9abee,惠富天下;房易贷
e6f186be,利利购商城;螃蟹云购;天华创客购;云集品;云惠联;聚汇天下
bb584d59,好会理财
0603a16e,刺刀联盟;番茄财经;蜗牛动力影视;北京蜗牛动力影视
9110f098,爱投资;花果金融;银豆网;狐小狸理财
876d76e8,嘉联立刷;嘉联支付
1e085bcf,川商联宗商品交易中心
6dc04b7d,嘉合基金
c4ddaad9,标荣;标荣物联网科技有限公司;山东奥帆都;标荣集团
94b85e30,利嘉阁地
c192bc5c,普信金服;普信金融;普信资产;普信资;普信
e188dd85,rdcfx
1d5e2e76,金蛋理财;金蛋借款;潜隆贷;诚乾贷
4aa28f02,otm;otm奥美集团;奥美外汇;美外汇
83dcefb7,时空周转;闪电借款
fbf6c891,浩沙健身
00e6fcbf,金帛投资
a2672cc5,云联惠
274d1fd7,客天下;客福天下
1175d50f,恒安嘉新;启明星;启明星辰;恒安;恒安嘉
95eac946,先汇国际;先汇
ef47ca95,同创期权
b37f7ef4,亚信实;华聚
05f96198,卡盟金服;拉卡盟金服;快卡盟金服
ca94bf24,吉鑫贷
1f886d6e,微银金服;68来抢;人人贷;投哪网;投哪金融;微银金服微银金服
a9deb35b,超人
54ac26d4,迪咔商;迪咔商城
e043e646,猎金全民影视;丽州财富宝;民影视;民生影视
17ed0255,悦享京;悦享京彩;金小宝
4288c5c3,美物
bdada732,粉涩;粉涩商城
f5756468,湖南;乾润华创;湖南乾润华创
1d331347,聚宝滙员;聚宝匯;玖锡科技;博思财富网;博思财富
bc9b5c81,比特;比特币
03b8266f,卓越私募
29040a2a,华盛资本
e7f264f7,维基链
23d34acc,大姐花a;大姐花;大姐
390c93fb,养鸡大亨
3e6157e2,王金服;度王金服
9e7647a9,中汇国际期;先汇国际
e36b8767,香港谷点国际期货
039e163c,雨果网
bac0632b,辣妈总管
329a6dc2,双湖;双湖资本;雷帝触网
2af5fba6,惠富天下;美季宝
5267e43f,献金袋鼠;金袋鼠网贷
6b5b0234,以太坊;比特币
6c10f67e,亿品赞
ffeb4962,多啦聚财多啦聚财;多啦聚财;小赢理财;小赢网金;小赢网
0511c057,米多多;金机宝;金兔宝
865b326a,口袋理财;焱丰金服;腾邦;腾邦国际;腾邦创;银谷财富;小赢钱包
dee7ab4d,伟创国际;众盈
eab7ffc7,光大云富
163e2145,南洋国
1dfbcacd,章鱼;章鱼哥
72fe510e,天心;天心禅
665bcc28,忠汇国际
3f73fc8c,钱来也;钱来也钱来也;微贷网;翼龙贷;极光金融
015d349b,陆金所;星星贷
feaaf7bd,印象口袋
68cd016e,安金控
b6eb9852,币安;创世资本;以太坊
c5ba2455,比特狗
8a4d7f80,手机宝
708f9623,福亚全球
89414e7c,郑肤康中医皮肤;上海;微云国际;东南大宗;天富
5edce207,安利微购;安利
a59c5d8b,爱钱进;凡普金科;广富宝;广富宝金
fb6635d0,唐小僧理财;菜理财;拍拍贷;生菜金融;资邦金服;中赢金融;我的菜理财
f4b70e5f,火币钱包
44cfca22,波场币
c8b40d36,鲁多多;闪电借款;鲁多
15ea7e89,fxglk外汇平;ofxglk外汇平
8503a0ac,火萤棋牌
bd105b5a,易宝支付
ee59e60a,麻袋财富;爱钱;e融所
9f951477,中投金;中投金汇
ac7f4c07,ffx;ffx外汇
6035ea78,袋鼠妈妈;橙旗贷
63e463b1,汇新智;汇新智配资
e84733bd,麻麻购;贝贝生活
ce59ff8e,和茶商城;泓睿云商
ce74fea7,杭州
0334eb65,悦拜
48c06186,恋指团
c1f6d099,etfx外
3534412b,卡盟金服卡盟金服;卡盟金服;卡盟金
f15f9cef,创富国际
4c8f0b59,小豹科技有
f3d1fb3c,氢点
f06a467e,easy;易信;eas
dd2e3a57,中融民信
2e69ce33,小豹科技
abeb60f6,东方
f6b8ddea,多啦理财;多啦聚财
03dc4aaa,拉勾农场;88农场
eaddcb4c,前海途歌汽车;车小喜科技;深圳;车小喜
4f4983a1,币果理财
6c02214a,火币;火币钱包;以太
0c7365bd,岁越之家;岁越之
d12d1602,优品潮商贸有
26b80c94,神店
a62a2694,悦天使
01ca7f51,维堡天善;维堡
227de357,圣商
bcd2316d,南昌市民融
40d24bd1,华景无限;华景无限逍遥卡;华景无限逍遥
ebf700b4,首投理财
780410c1,播优鲜;赞播优鲜
43b0d90f,诚汇通;运通财富;知识星球;投友帮
dd96103a,素店;妮素
81bfed7c,诚者聚;保德薪保德薪;保德薪
b978ff4b,壹赶街;赶街;赶街乡
c70a6b06,汇兴智业信息
2c424d5b,瑞郎
8344af4d,丰盛金融;丰盛金融投资有;丰盛金;丰盛金融投;丰盛金融投资有限;丰盛金融投资;丰盛金融投资有限公司
19fe53ed,曲全财富
816035c7,妙月百度
1b89dcd6,米房借条
9439ea56,硕威投资
44393b28,黄金钱包
0f759ba6,维仕担保;维信金科;维仕
fa278b0f,喜团;飞毛腿
ca2012b8,米缸金融;天安金交中心;天安金交中;天安财险;天安;宁富
846d7fd4,鳄鱼金融
e996cf12,首投理财;首投理
01afed09,以太坊
c0005dc9,京贷金服;京贷金
f02f1352,手机宝
8c056983,华宝基金;华宝;华宝基;金牛基金
04d5e276,玩客
3a1ada5a,牛牛;口袋理财;合众e贷;牛牛金服
0cd4e188,赚赚熊
d7fd5229,粉涩商城;粉涩;粉涩未来
1edafa18,轩鸿金融;轩鸿金;轩鸿集团;轩鸿;轩鸿基金;轩鸿控股
3721eac3,云南季翁岭投资有限公司;季翁岭财富;季翁岭投资;季翁;季翁岭;翁岭财富;季翁岭投资有限公司;季翁岭投资有
ca55375a,华开金控;华开
08e46152,诺德基金;诺德基金管理
a22710dd,帕克金融
bada1b76,汇联智投;汇联;汇联智投的
be2022a8,太阳神
9e5867a2,钱嗨娱乐
719b755b,礼品策
cc397184,55
3ad203d0,盐津铺子;盐津铺
2faba404,财富在线;北京财富
10a5680c,狼雨社区;以太坊;全民交易
aa644fb5,行云运动;行云币
36f9f8a9,御龙传说
024eab3f,宝星环球投资;宝星环球投
0f1009fe,谋成创汇
1b0511dc,中恒策略
63b13e16,粉米;纷米智慧商;纷米;纷米科技;纷米智媒;信而优
349b162d,比特猪
5fa53c4e,元宝;天心禅
eaecfa2e,涵乔财富;微豪配资微豪配资;汇新智
f7fb03bb,同创期权
879ac64e,利辉乾财富;辉乾财富;利辉财富;百金贷
a87384d3,美联金融
4c757da2,富喜智服
d517593f,汇管家
c78bdf60,飞迟财富
8d7786b0,和信贷;鑫湘联
09d29ae1,牧宝理财牧宝理财;牧宝;牧宝理财
fea89733,派派猪网贷;易票宝
01d8a865,金木易;秦川策略
c9c0aa13,亚泰;亚泰坊;比特币以太坊
f592dc45,wotoken钱包
54ce0207,深圳市
615264f4,微淘
6610c14a,天策;比特;比特币
ff05a0bb,润通现货;腾邦现货
42b9f4a1,极客修;极客
e811f009,车丰汇
e377b72c,波场超级社区
af5c1c5c,钱香金融;钱香
9a63d602,5赚呗;悠悠斗地主
c2b38c89,健康猫
8d22db17,尧锦智富
e1dfe0ac,比特;比特币;imca;imcash
7210b8d7,东方财富;鹏华全球
d2a9c26c,比特易
81d81faa,聚合钱
ecc31efb,小豹科技
4230efae,九龙鼎在线;九龙鼎
1b6e64fb,芒果口袋
b00ec583,小工匠;小工匠匠;和汇品
13078c31,文语影投;金谷影视
25bc9201,小花年代
4ff1a9cc,领先外汇
be175bdc,快鸟贷款;快鸟;云白条;快鸟金服
dc3016c8,澳洲百汇
85f1793e,汉富资本;汉富资
8c5b055e,大通全球;大通资讯;大通
d00b5a0b,展荣财富
ccdca927,轩鸿金融控股集团;轩鸿集;轩鸿;轩鸿资本
ef04689e,米赚
bfd531eb,香港世纪金业
f3767f09,中瑞财讯;世纪金业
e01d8a9b,嘉诺控股
baa247f8,金猪管家
caa3c650,鲸交所
eee89d93,喜团;喜团代;喜团网;喜团喜团
6cf6b0ce,客天下;客福天下
fd4a4f16,管家帮
adfce4b5,斐讯商;华夏万家
ba34f2af,省钱优选联盟;积分宝;积分
71946cb9,泛海控股
e54eac55,百瑞赢
e5b744bd,时空周转
c4784e62,海贝国际
9b239640,巨丰
4c7a6440,诺德基金;诺德基金管理
db0d5973,aet
188edc50,未来集市未来集市;未来集市
81e3e12f,福亚全球
65f631f7,谷品优选
f5046912,锦欣生殖
f09e68cb,先汇国际
1dc89b21,老虎外汇
acb40b9e,广西
c0da5377,抹茶交易所;抹茶交易
f53f9797,宝星环球投资;宝星环球投;宝星环球
b3afbfad,吉利集;盛宝
ddf8b318,云联惠
145eaf4f,建冠;冠海海运有
0033ebe3,弘高融资租赁;车享贷
752c09f1,大象国际;大象理财
a46f06de,东方财富
e46c77f5,榴莲微视;榴莲;黄金盛世集
8f9d8da6,美美理;国美在线;美美理财;国美控股;美易;投金宝;美易理财;美保宝;鹏润;美美稳;国美
14789f1c,麦点商城;银果钱
f235a158,昆明栋平智能投资平台;昆明;昆明栋平
0a6a0681,淘气天
b7dd63e1,bfx
cd2ff272,商机头条
d4619e94,比特
8dea029d,优乐商城;中金云
6d28eab2,小猫来财
7216f0c1,多号网
eab0f67d,小豹
bc358940,人人爱家金融;和平影视
f86864a2,焕呗;焕呗易货
df6ecc18,俞丰财富
eacaca7d,衫客
2d32c2e6,和而不同互助;和而不同;和而
3e97a6e8,昔阳趣养鸡;趣养鸡
6672e599,平安普惠
3f471beb,逗趣微视;榴莲微视;逗趣;逗趣短视频
f2d18766,钱途;清宴宝;清宴宝清宴宝
68eb313d,福亚全球;弗佑
c8d2017d,创客;创客链
10a49691,金秋财富
b3565745,上银基;上银基金管理有限公司
c5930de4,ag国际
62532c64,融投贷;轻易贷
0db10f8a,小蜜单车
e602a1b1,西瓜生活
cfdba9a1,嘉盛;嘉盛集团股份;嘉盛集团;嘉盛集
038f5f1b,乐先花;太原云信金融
3ddde31a,易贺
7f95ea35,鑫东投资
ed42d6c7,金殿环球金融投资集团
e3856ebe,维卡币
f251cd9d,钱来也;轻易贷
f01c42be,小米
995ed69c,大众工匠
637faf8a,吉林鼎邦集团
b7338a38,唐卡全球公盘;唐卡国际
f69eedb9,小米;小米有品
1b31f6bb,亿久商城;元创享;亿久商
1aa3172e,银企通
b8f8c9ea,之信控股;浙江之信控股集团;之信;浙江之信控股;银利宝;之信控;米金社;米金;之信控股集;米融宝;米速融;国瀚金控;资本桥;资本
f459e786,现金借款
4d68cf2e,火星币;币虎全球;币虎;比特;币虎科技;币虎全球交易
35f7a9db,e抵快贷;普惠金融
57f72a01,银小花;十一钱包
8eb7465e,英皇金融国际
41b7a5d3,灵猫链;猫之链;猫之
a574fc44,素店;妮素;素店盛
6.47e+75,东霖国际
b6f1e00f,亨英;亨英集团;海汇国际
174a8660,未来
9b7555f4,安徽六安长源置业
5db097a6,科呗;以太坊;帮帮呗
384eb337,深圳;惠己达人;惠己;惠己达
c3e84a0b,致享融
a84984cb,辽阳盛德投资咨询
31f8ff1c,创盈智投
71f0007c,天汇金融
fbc22ff6,慧盈
e75d4fab,布尔金融;冠联投资;布尔
ef9495df,jojomarkets;jo;jojoma
5e3443c8,荣耀配
da72cf2c,淘钱宝
fff77929,吉悠
deb6de72,cqs外汇
4f7d64c6,先汇国际
0dc95304,爱钱进;蜂融网;蜂融友谊
ebe4291d,expasset
64dcfa0f,55
37333df7,易生金服;易生;易生金;海航
4a62f9e1,微小宠
c1662dd8,吉林鼎邦集团
be971127,民信幸福投资
0a7b4fa6,喜牛
e33cba4e,世舟之家
88f601a9,同创期权
273a5abb,币虎
7ec99a3c,企航
fa67b717,火萤棋牌
de5837ab,金吉利宝;中传国泰
075e2ffa,意隆财富;拓天速贷
0810f0d6,添益宝;添益宝慧财宝;翼支付;慧财宝;上银
646d8196,生意宝
5ec87d25,山东必
c4ead3ad,钱嗨娱乐
3fce00e4,砚下金融
4b86a385,高财生金服;央金;巨人理财
4395774f,北京京馔
d3f5b265,芝麻分;好期贷;好借钱;有米金融;淘钱宝
093c7338,以太坊
6b11f1cb,未来集市;赛富;拍拍赚
b090dfbd,前海;前海开源基;锦安财富;前海开源;新财富
a5aef2fa,未来集市;一米世界
931672d9,中盈财富
09260b65,现金借款;现金
553240b0,小鸟发财
510b919e,恒信贵金属;恒信
c48d217b,世纪金业
ac9a94a4,雄岸基金;雄岸;车享链;车享魔方;车享豆;车享
e69f259c,简啦啦
3687ec31,善贷网
8c7d350d,钱包侠;钱包侠容
0701bdba,币盈联盟
a776569d,seafx
7fec4826,整存宝;和信贷;点融;向上金服;ma;人人聚财;小牛在线;小牛
8611c195,霸屏天下
09dbcb15,酷骑单车
bc698513,币果理财
269c5c49,邦富在线
7457b736,鸽派
ffd1497a,愿景基金
347f3013,快鸟贷款;快鸟;云白条;快鸟金服
b236d073,币安;火币;龙网
1e451ebb,泰禾;泰禾人;泰禾人寿;大新金;大新
b1e901f4,趣行
4d4d616e,鑫中辉;大通国际;鑫中
3da5bf94,youbank;bos;youb
0406bd3c,dig
825ccbc4,万阅读
8c2868aa,cfx圆汇
e7f1fae4,趣步
8de99c8e,微交易;微交;广东金德微交易平台;金盛微交易平;金盛微交易;中金云交易平台;北京大宗;上海黄金交
c7d5b3bd,牛拜单
ac86a4ef,亿久商城
027a4c58,昆山摩尔投资管理有限公司;昆山摩尔投资管理有限公
9de854ab,手机宝
ebaf247f,派派猪网贷;易票宝
1b67350f,手机宝
25ca29f0,飞迟财富
c69b1480,百川理财
c38e4640,恩圣威
cb7285ce,比特币;以太坊
7cb4dae0,喜团;5米社区
556e4ce3,浪小花;浪小
0a3a8d23,云尊币;云尊链交易所;winbitex;云尊链
f2ea79e3,奇弘集团;柒天密码;天密码;膜美人;奇弘
ce7daf53,和基外汇
ddb3be7a,诺德基金
37c94b0c,鸿运信投;金源国际;百盛国际;鸿运信投平
8a8cf7fe,菲特尔国际
b942ff53,艾斯国际
220d10b0,娃哈哈;娃哈
e33edac0,春鸿果业春鸿果业;春鸿果;春鸿果业
483e80d4,享车;享车加油
dd143a4f,中讯策略
a3b976b9,奉恩之家;奉恩之
b5f9f96b,章鱼;章鱼哥
d27a9d26,上海明溪资产管理有限公司
6dab3e5a,华登区块狗
a70c6a9d,淘金网;反波胆;反波胆淘金网
e9abc6b0,景顺长城
fccb872a,桂花网;桂花
c7b7976e,东霖国际
304c2eda,闻喜配资
8000b2f1,比特狗;狗狗;比特
6288dc47,盈联影视;广州泽辉网络科技有限公司;全民影视;广州泽辉网络科技有
7ace6392,诚汇国际
a7340a0b,丽泽金融
1e642752,乾联国际
0f8fed5d,商鼎联创;鼎联创;普惠金融
6566ccb6,臻牛所;真牛所
4eef8553,先汇国际;先汇
7e2e2211,雷达币
0765d17f,伊微享淘;玛伊
40aa175f,丰正金融
84577fcc,蚂蚁淘金;蚂蚁币;九霄商城
9d2173bc,麻袋财富
57a43fb0,江苏天鼎投资咨询有限公司;英唐智控
1d203aee,中盈晟;中盈晟投资
f845658b,大地贸
2374cef9,麦尔国际mmlfx
349247d9,小鸟发财;应用宝;小鸟发财小鸟发财
f93cbbc2,分期
e88c7424,致享融
7d65264f,闻喜;金闻喜配
449f4180,小巨人;琪雅美容
8894257a,畅由;畅由联盟
69fa0440,领航
1429ea23,牧芽;牧芽科技
72e42953,峥嵘财富
d237d852,蜜蜂花园;云发单
86360f5b,世舟之家
0c6f55f6,淘富宝
63599fd9,借卖;借卖网;悟空单车;优库速购
247ef836,员工宝;聚宝
220b58a6,车享链;车享;车享魔方;车享豆
90a5dfc3,微信跑分;跑分
84b12bae,艾尔链
fdb1c770,礼赞商城;柏悦数码
7cffd782,平安普惠
3e324253,开鑫贷;爱投资;积木;鑫隆创投;翼龙贷;福翔创投;蛋糕财富;蛋糕理财
7dbf97c0,土豆驾到;土豆驾;金鑫隆;锅巴土豆
b541d306,98s漂亮;漂亮;万宝路;98s
7433dbf3,巨丰
4cf9b0a8,文语影视;文语影投
e4351292,百川世界
93721e1c,章鱼哥;章鱼
a64e4a51,每日一淘;每日优鲜;每日一
53a3c61e,小象金融;都市钱;都市钱包
00d453ce,特惠赚
823b3912,企叮咚
042173f2,猫之链
027555ba,exx
e2b5dd1b,亦跑
4d8f7703,富喜智服
8cf1f807,e投睿
6787f6da,上海;悟空理财;悟空理财悟空理财;玖富
80da037e,金丰投资
271e0a66,爱善贷;中盈
a032bb35,金谷影视
b9f94b2d,杨梅白卡
f1b17536,皇御环球
327c2b72,华霖金服;华霖财富
c03deb5a,亚斯特
5fc1508b,趣渔乐
202fc22c,欧密加
91d178e6,快鹿;快鹿集团;东融在线;快鹿投资;东影宝;东融;电影;快鹿集;趣豆理财;翎秀金融信息服务
6fb3ecde,汇盈天
dacf3344,广州
84f365ea,中科星际
8e27bb1f,优信外汇
95b9dcf7,腾邦现货
a3e71a64,诺德外汇
bf86245a,福瑞斯金融;福瑞斯
022b3967,幻城国际;幻城游
cde72bf8,鑫果外汇
c36a607e,友谊软装
85310fdd,云达互助
784955b5,淘乐惠小
f587bdfa,云钱包
7f5eadac,火趣
73ddcb02,爱糯米;兆贝资本;爱糯
adc803d2,嗨团;嗨团团购
77986e3a,英皇宝;英皇宝英皇宝;英皇金融国际
59090c73,fbi
7996f154,环球捕手;杭州智品文化创意有限公司;万色城
5444871b,微银金服;68来抢;人人贷;投哪网;投哪金融;微银金服微银金服
39dc52a2,天华国际
721fa135,中瑞财讯
613911d3,平安果;平安
0d21f2cb,俞丰财富
f1e26087,币老爷国际
ebf148a2,贺邦借贷
527bd474,火币钱;火币钱包
2e20a3df,托富链;托富
7bd04f0d,盐津铺子;盐津铺
8ce2d1ae,海帝影视
158fecd1,焕呗;焕商
a54ad4c4,华宝基金;恒生华宝
3c1f892d,比特币
71235f36,领投鸟;融资谷
006fe7b0,比特币
539dee9e,银亚国际
f4d853e0,云世纪;天弘基金;sky云世纪
c2ab945a,币创
e476b099,亿久商城
3c1090cf,东霖国际
36b09545,乐保;乐保险
bdf583f9,万象国际
26eb1925,芒果元宝
24c9cbb9,金福财富
a89d6d0a,加油宝
bc0de9d6,爱糯米
7f395f7a,金猪管家;米袋子钱包
3fff3186,比特派
a2394018,猫之链
389dec7d,福袋汇业;仁爱福袋
6ed46252,鼎诚创投
1f51fdc3,腾邦现货;腾邦全;腾邦集团;腾邦
56f6a8c6,微多猫;蜗牛
bc6fcd05,爱糯米;加密王座
f9b63ede,币盛汇;比特币;加密货币;比特
e7959621,五行币;亚欧币;莱汇币
586f7c62,快鹿;神开
f36a4f42,华禹钧瓷;华禹掌柜;华禹钧
e0b86e20,众盈外汇;愧笋
de4b1e02,砚下金融
25db60d7,亿灿
2bc8316f,东方红;东方;雪球财富
a9addeaf,香港英皇集团
12c67815,新博金融
b0aadfa5,万氏
adbd2630,零零购
c9766701,弘华佛学院
85f828ca,吉悠市场;吉悠
e5689c06,企叮咚
1fbc8a09,丰正豐
c5d15172,ffx
bdb7df6f,i问财;甜橙金融;同花顺
7830f7a6,admin网;试客小兵
7bf67f5e,牡丹;艾特网能;艾特网
bc669cf1,维客特
65b46d61,企叮咚;叮咚
83df6376,上银基
5d440622,小豹科技
0a96386c,火币交易
669a4456,多赢普惠;品尚易;钱牛牛
daf37b4a,以太森林;森林集市
6cea8085,智选天下
f32e5bc2,环球捕手
164b04a7,比特
7bcd81db,澳沃国际;福袋;金殿;海聚金;期海聚
f0552f52,瑞志企业管理咨
ae21ea8d,先汇国际;先汇
b476d628,微信跑分;跑分
0195ed11,速通宝;瑞波
a056d7f0,小凡人
73e5ab94,愿景基金
9f439d38,万氏国际;万氏国;万氏;万诺投资
cb86144a,惠富天下
38a05aee,礼赞商城;礼赞
5ce0605e,中睿担保
